reason_code,transaction,delivery,label
item_not_received,"{""transaction_id"": ""TXN0000043720"", ""amount"": 4152.0, ""merchant_category"": ""Fuel"", ""sender_bank"": ""SBI"", ""receiver_bank"": ""ICICI"", ""fraud_flag"": 0, ""timestamp"": ""2024-09-22 16:37:01""}","{""delivery_partner"": ""ecom express"", ""delivery_status"": ""delivered"", ""delayed"": ""no"", ""delivery_rating"": 4.0, ""region"": ""west""}",0
item_not_received,"{""transaction_id"": ""TXN0000096774"", ""amount"": 1873.0, ""merchant_category"": ""Other"", ""sender_bank"": ""SBI"", ""receiver_bank"": ""HDFC"", ""fraud_flag"": 0, ""timestamp"": ""2024-05-30 18:48:26""}","{""delivery_partner"": ""ecom express"", ""delivery_status"": ""delayed"", ""delayed"": ""yes"", ""delivery_rating"": 3.0, ""region"": ""west""}",1
item_not_received,"{""transaction_id"": ""TXN0000054706"", ""amount"": 110.0, ""merchant_category"": ""Entertainment"", ""sender_bank"": ""Yes Bank"", ""receiver_bank"": ""ICICI"", ""fraud_flag"": 0, ""timestamp"": ""2024-06-02 15:26:37""}","{""delivery_partner"": ""shadowfax"", ""delivery_status"": ""delayed"", ""delayed"": ""yes"", ""delivery_rating"": 2.0, ""region"": ""west""}",1
item_not_received,"{""transaction_id"": ""TXN0000040347"", ""amount"": 391.0, ""merchant_category"": ""Other"", ""sender_bank"": ""SBI"", ""receiver_bank"": ""IndusInd"", ""fraud_flag"": 0, ""timestamp"": ""2024-12-20 16:20:34""}","{""delivery_partner"": ""fedex"", ""delivery_status"": ""delivered"", ""delayed"": ""no"", ""delivery_rating"": 3.0, ""region"": ""central""}",0
item_not_received,"{""transaction_id"": ""TXN0000214671"", ""amount"": 400.0, ""merchant_category"": ""Other"", ""sender_bank"": ""HDFC"", ""receiver_bank"": ""SBI"", ""fraud_flag"": 0, ""timestamp"": ""2024-10-23 15:34:04""}","{""delivery_partner"": ""ekart"", ""delivery_status"": ""failed"", ""delayed"": ""yes"", ""delivery_rating"": 1.0, ""region"": ""west""}",1
item_not_received,"{""transaction_id"": ""TXN0000232125"", ""amount"": 229.0, ""merchant_category"": ""Utilities"", ""sender_bank"": ""Kotak"", ""receiver_bank"": ""Kotak"", ""fraud_flag"": 0, ""timestamp"": ""2024-10-20 05:14:48""}","{""delivery_partner"": ""shadowfax"", ""delivery_status"": ""delivered"", ""delayed"": ""no"", ""delivery_rating"": 5.0, ""region"": ""central""}",1
item_not_received,"{""transaction_id"": ""TXN0000036788"", ""amount"": 723.0, ""merchant_category"": ""Grocery"", ""sender_bank"": ""PNB"", ""receiver_bank"": ""HDFC"", ""fraud_flag"": 0, ""timestamp"": ""2024-06-21 10:13:42""}","{""delivery_partner"": ""shadowfax"", ""delivery_status"": ""delivered"", ""delayed"": ""no"", ""delivery_rating"": 5.0, ""region"": ""south""}",1
item_not_received,"{""transaction_id"": ""TXN0000236602"", ""amount"": 138.0, ""merchant_category"": ""Food"", ""sender_bank"": ""Kotak"", ""receiver_bank"": ""HDFC"", ""fraud_flag"": 0, ""timestamp"": ""2024-03-12 21:11:25""}","{""delivery_partner"": ""delhivery"", ""delivery_status"": ""delivered"", ""delayed"": ""no"", ""delivery_rating"": 4.0, ""region"": ""central""}",0
item_not_received,"{""transaction_id"": ""TXN0000214528"", ""amount"": 374.0, ""merchant_category"": ""Food"", ""sender_bank"": ""HDFC"", ""receiver_bank"": ""SBI"", ""fraud_flag"": 0, ""timestamp"": ""2024-11-30 15:26:22""}","{""delivery_partner"": ""blue dart"", ""delivery_status"": ""delayed"", ""delayed"": ""yes"", ""delivery_rating"": 2.0, ""region"": ""west""}",1
item_not_received,"{""transaction_id"": ""TXN0000087080"", ""amount"": 555.0, ""merchant_category"": ""Food"", ""sender_bank"": ""Kotak"", ""receiver_bank"": ""HDFC"", ""fraud_flag"": 0, ""timestamp"": ""2024-03-26 10:56:12""}","{""delivery_partner"": ""shadowfax"", ""delivery_status"": ""delayed"", ""delayed"": ""yes"", ""delivery_rating"": 2.0, ""region"": ""north""}",1
item_not_received,"{""transaction_id"": ""TXN0000231652"", ""amount"": 287.0, ""merchant_category"": ""Grocery"", ""sender_bank"": ""SBI"", ""receiver_bank"": ""SBI"", ""fraud_flag"": 0, ""timestamp"": ""2024-07-23 13:11:00""}","{""delivery_partner"": ""xpressbees"", ""delivery_status"": ""delayed"", ""delayed"": ""yes"", ""delivery_rating"": 3.0, ""region"": ""west""}",1
item_not_received,"{""transaction_id"": ""TXN0000002520"", ""amount"": 256.0, ""merchant_category"": ""Other"", ""sender_bank"": ""Kotak"", ""receiver_bank"": ""Yes Bank"", ""fraud_flag"": 0, ""timestamp"": ""2024-10-15 18:18:13""}","{""delivery_partner"": ""delhivery"", ""delivery_status"": ""delivered"", ""delayed"": ""no"", ""delivery_rating"": 5.0, ""region"": ""south""}",0
item_not_received,"{""transaction_id"": ""TXN0000166374"", ""amount"": 68.0, ""merchant_category"": ""Grocery"", ""sender_bank"": ""HDFC"", ""receiver_bank"": ""SBI"", ""fraud_flag"": 0, ""timestamp"": ""2024-05-02 10:03:24""}","{""delivery_partner"": ""ekart"", ""delivery_status"": ""delivered"", ""delayed"": ""no"", ""delivery_rating"": 3.0, ""region"": ""north""}",0
item_not_received,"{""transaction_id"": ""TXN0000085040"", ""amount"": 3294.0, ""merchant_category"": ""Shopping"", ""sender_bank"": ""Axis"", ""receiver_bank"": ""SBI"", ""fraud_flag"": 0, ""timestamp"": ""2024-10-09 10:49:08""}","{""delivery_partner"": ""delhivery"", ""delivery_status"": ""delayed"", ""delayed"": ""yes"", ""delivery_rating"": 2.0, ""region"": ""north""}",1
item_not_received,"{""transaction_id"": ""TXN0000040246"", ""amount"": 331.0, ""merchant_category"": ""Food"", ""sender_bank"": ""ICICI"", ""receiver_bank"": ""SBI"", ""fraud_flag"": 0, ""timestamp"": ""2024-02-14 17:14:13""}","{""delivery_partner"": ""blue dart"", ""delivery_status"": ""delivered"", ""delayed"": ""no"", ""delivery_rating"": 5.0, ""region"": ""west""}",0
item_not_received,"{""transaction_id"": ""TXN0000141261"", ""amount"": 3579.0, ""merchant_category"": ""Utilities"", ""sender_bank"": ""HDFC"", ""receiver_bank"": ""Kotak"", ""fraud_flag"": 0, ""timestamp"": ""2024-03-13 10:27:59""}","{""delivery_partner"": ""dhl"", ""delivery_status"": ""delayed"", ""delayed"": ""yes"", ""delivery_rating"": 2.0, ""region"": ""north""}",1
item_not_received,"{""transaction_id"": ""TXN0000237213"", ""amount"": 928.0, ""merchant_category"": ""Fuel"", ""sender_bank"": ""Kotak"", ""receiver_bank"": ""HDFC"", ""fraud_flag"": 0, ""timestamp"": ""2024-03-11 22:50:36""}","{""delivery_partner"": ""fedex"", ""delivery_status"": ""delivered"", ""delayed"": ""no"", ""delivery_rating"": 4.0, ""region"": ""north""}",0
item_not_received,"{""transaction_id"": ""TXN0000180911"", ""amount"": 3636.0, ""merchant_category"": ""Shopping"", ""sender_bank"": ""SBI"", ""receiver_bank"": ""HDFC"", ""fraud_flag"": 0, ""timestamp"": ""2024-04-14 13:05:37""}","{""delivery_partner"": ""ekart"", ""delivery_status"": ""failed"", ""delayed"": ""yes"", ""delivery_rating"": 1.0, ""region"": ""west""}",1
item_not_received,"{""transaction_id"": ""TXN0000049041"", ""amount"": 429.0, ""merchant_category"": ""Transport"", ""sender_bank"": ""ICICI"", ""receiver_bank"": ""Kotak"", ""fraud_flag"": 0, ""timestamp"": ""2024-09-09 10:42:14""}","{""delivery_partner"": ""fedex"", ""delivery_status"": ""delayed"", ""delayed"": ""yes"", ""delivery_rating"": 3.0, ""region"": ""west""}",1
item_not_received,"{""transaction_id"": ""TXN0000030822"", ""amount"": 2244.0, ""merchant_category"": ""Fuel"", ""sender_bank"": ""Yes Bank"", ""receiver_bank"": ""ICICI"", ""fraud_flag"": 0, ""timestamp"": ""2024-05-13 03:15:21""}","{""delivery_partner"": ""ekart"", ""delivery_status"": ""delivered"", ""delayed"": ""no"", ""delivery_rating"": 3.0, ""region"": ""east""}",0
item_not_received,"{""transaction_id"": ""TXN0000247140"", ""amount"": 869.0, ""merchant_category"": ""Shopping"", ""sender_bank"": ""SBI"", ""receiver_bank"": ""HDFC"", ""fraud_flag"": 0, ""timestamp"": ""2024-12-28 19:34:42""}","{""delivery_partner"": ""amazon logistics"", ""delivery_status"": ""delivered"", ""delayed"": ""no"", ""delivery_rating"": 5.0, ""region"": ""south""}",0
item_not_received,"{""transaction_id"": ""TXN0000142318"", ""amount"": 284.0, ""merchant_category"": ""Entertainment"", ""sender_bank"": ""SBI"", ""receiver_bank"": ""SBI"", ""fraud_flag"": 0, ""timestamp"": ""2024-10-12 12:39:59""}","{""delivery_partner"": ""dhl"", ""delivery_status"": ""delivered"", ""delayed"": ""no"", ""delivery_rating"": 5.0, ""region"": ""east""}",1
item_not_received,"{""transaction_id"": ""TXN0000027135"", ""amount"": 9300.0, ""merchant_category"": ""Shopping"", ""sender_bank"": ""SBI"", ""receiver_bank"": ""HDFC"", ""fraud_flag"": 0, ""timestamp"": ""2024-12-15 13:17:09""}","{""delivery_partner"": ""ekart"", ""delivery_status"": ""delivered"", ""delayed"": ""no"", ""delivery_rating"": 4.0, ""region"": ""west""}",0
item_not_received,"{""transaction_id"": ""TXN0000114247"", ""amount"": 339.0, ""merchant_category"": ""Other"", ""sender_bank"": ""ICICI"", ""receiver_bank"": ""Axis"", ""fraud_flag"": 0, ""timestamp"": ""2024-03-13 07:44:17""}","{""delivery_partner"": ""delhivery"", ""delivery_status"": ""delivered"", ""delayed"": ""no"", ""delivery_rating"": 5.0, ""region"": ""east""}",0
item_not_received,"{""transaction_id"": ""TXN0000039743"", ""amount"": 184.0, ""merchant_category"": ""Food"", ""sender_bank"": ""SBI"", ""receiver_bank"": ""SBI"", ""fraud_flag"": 0, ""timestamp"": ""2024-07-22 18:01:28""}","{""delivery_partner"": ""ekart"", ""delivery_status"": ""delivered"", ""delayed"": ""no"", ""delivery_rating"": 5.0, ""region"": ""central""}",0
item_not_received,"{""transaction_id"": ""TXN0000249992"", ""amount"": 989.0, ""merchant_category"": ""Grocery"", ""sender_bank"": ""ICICI"", ""receiver_bank"": ""HDFC"", ""fraud_flag"": 0, ""timestamp"": ""2024-11-22 16:46:02""}","{""delivery_partner"": ""dhl"", ""delivery_status"": ""delivered"", ""delayed"": ""no"", ""delivery_rating"": 4.0, ""region"": ""north""}",1
item_not_received,"{""transaction_id"": ""TXN0000139908"", ""amount"": 487.0, ""merchant_category"": ""Fuel"", ""sender_bank"": ""Axis"", ""receiver_bank"": ""IndusInd"", ""fraud_flag"": 0, ""timestamp"": ""2024-07-21 03:25:27""}","{""delivery_partner"": ""ecom express"", ""delivery_status"": ""delivered"", ""delayed"": ""no"", ""delivery_rating"": 4.0, ""region"": ""north""}",0
item_not_received,"{""transaction_id"": ""TXN0000027870"", ""amount"": 4420.0, ""merchant_category"": ""Shopping"", ""sender_bank"": ""PNB"", ""receiver_bank"": ""PNB"", ""fraud_flag"": 0, ""timestamp"": ""2024-02-15 13:41:19""}","{""delivery_partner"": ""dhl"", ""delivery_status"": ""delivered"", ""delayed"": ""no"", ""delivery_rating"": 3.0, ""region"": ""west""}",0
item_not_received,"{""transaction_id"": ""TXN0000210223"", ""amount"": 457.0, ""merchant_category"": ""Other"", ""sender_bank"": ""ICICI"", ""receiver_bank"": ""IndusInd"", ""fraud_flag"": 0, ""timestamp"": ""2024-11-20 19:25:35""}","{""delivery_partner"": ""dhl"", ""delivery_status"": ""delivered"", ""delayed"": ""no"", ""delivery_rating"": 4.0, ""region"": ""north""}",1
item_not_received,"{""transaction_id"": ""TXN0000181973"", ""amount"": 1001.0, ""merchant_category"": ""Other"", ""sender_bank"": ""SBI"", ""receiver_bank"": ""SBI"", ""fraud_flag"": 0, ""timestamp"": ""2024-10-19 18:49:58""}","{""delivery_partner"": ""fedex"", ""delivery_status"": ""delivered"", ""delayed"": ""no"", ""delivery_rating"": 5.0, ""region"": ""central""}",0
item_not_received,"{""transaction_id"": ""TXN0000219054"", ""amount"": 149.0, ""merchant_category"": ""Food"", ""sender_bank"": ""PNB"", ""receiver_bank"": ""PNB"", ""fraud_flag"": 0, ""timestamp"": ""2024-07-27 12:02:39""}","{""delivery_partner"": ""ekart"", ""delivery_status"": ""delayed"", ""delayed"": ""yes"", ""delivery_rating"": 2.0, ""region"": ""central""}",1
item_not_received,"{""transaction_id"": ""TXN0000127626"", ""amount"": 411.0, ""merchant_category"": ""Grocery"", ""sender_bank"": ""ICICI"", ""receiver_bank"": ""Axis"", ""fraud_flag"": 0, ""timestamp"": ""2024-07-13 12:20:37""}","{""delivery_partner"": ""shadowfax"", ""delivery_status"": ""delayed"", ""delayed"": ""yes"", ""delivery_rating"": 2.0, ""region"": ""north""}",1
item_not_received,"{""transaction_id"": ""TXN0000090454"", ""amount"": 217.0, ""merchant_category"": ""Grocery"", ""sender_bank"": ""SBI"", ""receiver_bank"": ""PNB"", ""fraud_flag"": 0, ""timestamp"": ""2024-08-15 11:04:51""}","{""delivery_partner"": ""dhl"", ""delivery_status"": ""delivered"", ""delayed"": ""no"", ""delivery_rating"": 3.0, ""region"": ""north""}",0
item_not_received,"{""transaction_id"": ""TXN0000157900"", ""amount"": 536.0, ""merchant_category"": ""Other"", ""sender_bank"": ""Yes Bank"", ""receiver_bank"": ""ICICI"", ""fraud_flag"": 0, ""timestamp"": ""2024-08-12 16:59:53""}","{""delivery_partner"": ""ekart"", ""delivery_status"": ""failed"", ""delayed"": ""yes"", ""delivery_rating"": 1.0, ""region"": ""east""}",1
item_not_received,"{""transaction_id"": ""TXN0000025682"", ""amount"": 821.0, ""merchant_category"": ""Grocery"", ""sender_bank"": ""SBI"", ""receiver_bank"": ""SBI"", ""fraud_flag"": 0, ""timestamp"": ""2024-06-08 21:13:25""}","{""delivery_partner"": ""ecom express"", ""delivery_status"": ""delayed"", ""delayed"": ""yes"", ""delivery_rating"": 3.0, ""region"": ""central""}",1
item_not_received,"{""transaction_id"": ""TXN0000223159"", ""amount"": 1864.0, ""merchant_category"": ""Shopping"", ""sender_bank"": ""Kotak"", ""receiver_bank"": ""SBI"", ""fraud_flag"": 0, ""timestamp"": ""2024-06-30 10:43:03""}","{""delivery_partner"": ""fedex"", ""delivery_status"": ""delivered"", ""delayed"": ""no"", ""delivery_rating"": 4.0, ""region"": ""east""}",0
item_not_received,"{""transaction_id"": ""TXN0000196575"", ""amount"": 325.0, ""merchant_category"": ""Food"", ""sender_bank"": ""HDFC"", ""receiver_bank"": ""SBI"", ""fraud_flag"": 0, ""timestamp"": ""2024-01-13 12:36:27""}","{""delivery_partner"": ""ecom express"", ""delivery_status"": ""delivered"", ""delayed"": ""no"", ""delivery_rating"": 3.0, ""region"": ""central""}",0
item_not_received,"{""transaction_id"": ""TXN0000180702"", ""amount"": 912.0, ""merchant_category"": ""Education"", ""sender_bank"": ""SBI"", ""receiver_bank"": ""HDFC"", ""fraud_flag"": 0, ""timestamp"": ""2024-05-04 09:07:32""}","{""delivery_partner"": ""blue dart"", ""delivery_status"": ""delayed"", ""delayed"": ""yes"", ""delivery_rating"": 2.0, ""region"": ""east""}",1
item_not_received,"{""transaction_id"": ""TXN0000104556"", ""amount"": 145.0, ""merchant_category"": ""Food"", ""sender_bank"": ""SBI"", ""receiver_bank"": ""HDFC"", ""fraud_flag"": 0, ""timestamp"": ""2024-03-06 17:19:16""}","{""delivery_partner"": ""xpressbees"", ""delivery_status"": ""delivered"", ""delayed"": ""no"", ""delivery_rating"": 5.0, ""region"": ""north""}",1
item_not_received,"{""transaction_id"": ""TXN0000220886"", ""amount"": 255.0, ""merchant_category"": ""Entertainment"", ""sender_bank"": ""Axis"", ""receiver_bank"": ""HDFC"", ""fraud_flag"": 0, ""timestamp"": ""2024-07-22 13:23:41""}","{""delivery_partner"": ""delhivery"", ""delivery_status"": ""failed"", ""delayed"": ""yes"", ""delivery_rating"": 1.0, ""region"": ""east""}",1
item_not_received,"{""transaction_id"": ""TXN0000103738"", ""amount"": 218.0, ""merchant_category"": ""Healthcare"", ""sender_bank"": ""IndusInd"", ""receiver_bank"": ""ICICI"", ""fraud_flag"": 0, ""timestamp"": ""2024-12-26 18:59:11""}","{""delivery_partner"": ""delhivery"", ""delivery_status"": ""delivered"", ""delayed"": ""no"", ""delivery_rating"": 4.0, ""region"": ""east""}",0
item_not_received,"{""transaction_id"": ""TXN0000229465"", ""amount"": 190.0, ""merchant_category"": ""Other"", ""sender_bank"": ""Axis"", ""receiver_bank"": ""Axis"", ""fraud_flag"": 0, ""timestamp"": ""2024-04-05 04:08:24""}","{""delivery_partner"": ""fedex"", ""delivery_status"": ""delayed"", ""delayed"": ""yes"", ""delivery_rating"": 2.0, ""region"": ""south""}",1
item_not_received,"{""transaction_id"": ""TXN0000142476"", ""amount"": 462.0, ""merchant_category"": ""Shopping"", ""sender_bank"": ""SBI"", ""receiver_bank"": ""HDFC"", ""fraud_flag"": 0, ""timestamp"": ""2024-02-22 07:02:16""}","{""delivery_partner"": ""fedex"", ""delivery_status"": ""delivered"", ""delayed"": ""no"", ""delivery_rating"": 3.0, ""region"": ""east""}",0
item_not_received,"{""transaction_id"": ""TXN0000054275"", ""amount"": 1184.0, ""merchant_category"": ""Other"", ""sender_bank"": ""ICICI"", ""receiver_bank"": ""Yes Bank"", ""fraud_flag"": 0, ""timestamp"": ""2024-03-30 15:17:52""}","{""delivery_partner"": ""blue dart"", ""delivery_status"": ""failed"", ""delayed"": ""yes"", ""delivery_rating"": 2.0, ""region"": ""west""}",1
item_not_received,"{""transaction_id"": ""TXN0000194386"", ""amount"": 562.0, ""merchant_category"": ""Entertainment"", ""sender_bank"": ""Axis"", ""receiver_bank"": ""SBI"", ""fraud_flag"": 0, ""timestamp"": ""2024-10-22 09:47:49""}","{""delivery_partner"": ""ekart"", ""delivery_status"": ""delivered"", ""delayed"": ""no"", ""delivery_rating"": 5.0, ""region"": ""north""}",0
item_not_received,"{""transaction_id"": ""TXN0000043093"", ""amount"": 267.0, ""merchant_category"": ""Shopping"", ""sender_bank"": ""ICICI"", ""receiver_bank"": ""SBI"", ""fraud_flag"": 0, ""timestamp"": ""2024-04-14 20:40:51""}","{""delivery_partner"": ""xpressbees"", ""delivery_status"": ""delayed"", ""delayed"": ""yes"", ""delivery_rating"": 2.0, ""region"": ""east""}",1
item_not_received,"{""transaction_id"": ""TXN0000246610"", ""amount"": 1119.0, ""merchant_category"": ""Food"", ""sender_bank"": ""ICICI"", ""receiver_bank"": ""HDFC"", ""fraud_flag"": 0, ""timestamp"": ""2024-03-10 08:18:00""}","{""delivery_partner"": ""ecom express"", ""delivery_status"": ""failed"", ""delayed"": ""yes"", ""delivery_rating"": 2.0, ""region"": ""south""}",1
item_not_received,"{""transaction_id"": ""TXN0000166196"", ""amount"": 684.0, ""merchant_category"": ""Healthcare"", ""sender_bank"": ""SBI"", ""receiver_bank"": ""Yes Bank"", ""fraud_flag"": 0, ""timestamp"": ""2024-01-21 14:47:33""}","{""delivery_partner"": ""xpressbees"", ""delivery_status"": ""delivered"", ""delayed"": ""no"", ""delivery_rating"": 4.0, ""region"": ""west""}",1
item_not_received,"{""transaction_id"": ""TXN0000150174"", ""amount"": 9616.0, ""merchant_category"": ""Education"", ""sender_bank"": ""SBI"", ""receiver_bank"": ""SBI"", ""fraud_flag"": 0, ""timestamp"": ""2024-03-11 22:17:23""}","{""delivery_partner"": ""ecom express"", ""delivery_status"": ""delivered"", ""delayed"": ""no"", ""delivery_rating"": 5.0, ""region"": ""west""}",0
item_not_received,"{""transaction_id"": ""TXN0000208266"", ""amount"": 1037.0, ""merchant_category"": ""Food"", ""sender_bank"": ""HDFC"", ""receiver_bank"": ""IndusInd"", ""fraud_flag"": 0, ""timestamp"": ""2024-08-30 14:55:14""}","{""delivery_partner"": ""fedex"", ""delivery_status"": ""delivered"", ""delayed"": ""no"", ""delivery_rating"": 4.0, ""region"": ""west""}",0
not_as_described,"{""transaction_id"": ""TXN0000045018"", ""amount"": 851.0, ""merchant_category"": ""Grocery"", ""sender_bank"": ""HDFC"", ""receiver_bank"": ""ICICI"", ""fraud_flag"": 0, ""timestamp"": ""2024-08-24 12:15:38""}","{""delivery_partner"": ""dhl"", ""delivery_status"": ""delivered"", ""delayed"": ""no"", ""delivery_rating"": 5.0, ""region"": ""north""}",1
not_as_described,"{""transaction_id"": ""TXN0000134011"", ""amount"": 3467.0, ""merchant_category"": ""Fuel"", ""sender_bank"": ""SBI"", ""receiver_bank"": ""HDFC"", ""fraud_flag"": 0, ""timestamp"": ""2024-09-11 12:49:54""}","{""delivery_partner"": ""fedex"", ""delivery_status"": ""delivered"", ""delayed"": ""no"", ""delivery_rating"": 5.0, ""region"": ""south""}",1
not_as_described,"{""transaction_id"": ""TXN0000171210"", ""amount"": 95.0, ""merchant_category"": ""Entertainment"", ""sender_bank"": ""PNB"", ""receiver_bank"": ""SBI"", ""fraud_flag"": 0, ""timestamp"": ""2024-04-10 13:05:29""}","{""delivery_partner"": ""shadowfax"", ""delivery_status"": ""delayed"", ""delayed"": ""yes"", ""delivery_rating"": 2.0, ""region"": ""north""}",1
not_as_described,"{""transaction_id"": ""TXN0000001247"", ""amount"": 210.0, ""merchant_category"": ""Transport"", ""sender_bank"": ""SBI"", ""receiver_bank"": ""Kotak"", ""fraud_flag"": 0, ""timestamp"": ""2024-11-03 22:07:50""}","{""delivery_partner"": ""blue dart"", ""delivery_status"": ""delivered"", ""delayed"": ""no"", ""delivery_rating"": 5.0, ""region"": ""east""}",1
not_as_described,"{""transaction_id"": ""TXN0000197108"", ""amount"": 1094.0, ""merchant_category"": ""Food"", ""sender_bank"": ""HDFC"", ""receiver_bank"": ""Axis"", ""fraud_flag"": 0, ""timestamp"": ""2024-02-05 19:08:59""}","{""delivery_partner"": ""amazon logistics"", ""delivery_status"": ""delivered"", ""delayed"": ""no"", ""delivery_rating"": 5.0, ""region"": ""east""}",0
not_as_described,"{""transaction_id"": ""TXN0000199747"", ""amount"": 203.0, ""merchant_category"": ""Other"", ""sender_bank"": ""SBI"", ""receiver_bank"": ""Axis"", ""fraud_flag"": 0, ""timestamp"": ""2024-11-23 12:35:40""}","{""delivery_partner"": ""dhl"", ""delivery_status"": ""delivered"", ""delayed"": ""no"", ""delivery_rating"": 4.0, ""region"": ""north""}",1
not_as_described,"{""transaction_id"": ""TXN0000199742"", ""amount"": 534.0, ""merchant_category"": ""Entertainment"", ""sender_bank"": ""Kotak"", ""receiver_bank"": ""Axis"", ""fraud_flag"": 0, ""timestamp"": ""2024-04-05 17:12:17""}","{""delivery_partner"": ""dhl"", ""delivery_status"": ""delivered"", ""delayed"": ""no"", ""delivery_rating"": 4.0, ""region"": ""north""}",0
not_as_described,"{""transaction_id"": ""TXN0000059941"", ""amount"": 188.0, ""merchant_category"": ""Food"", ""sender_bank"": ""IndusInd"", ""receiver_bank"": ""HDFC"", ""fraud_flag"": 0, ""timestamp"": ""2024-10-09 20:31:01""}","{""delivery_partner"": ""fedex"", ""delivery_status"": ""failed"", ""delayed"": ""yes"", ""delivery_rating"": 2.0, ""region"": ""north""}",0
not_as_described,"{""transaction_id"": ""TXN0000212333"", ""amount"": 1440.0, ""merchant_category"": ""Grocery"", ""sender_bank"": ""ICICI"", ""receiver_bank"": ""Yes Bank"", ""fraud_flag"": 0, ""timestamp"": ""2024-09-05 14:35:55""}","{""delivery_partner"": ""delhivery"", ""delivery_status"": ""delayed"", ""delayed"": ""yes"", ""delivery_rating"": 2.0, ""region"": ""central""}",0
not_as_described,"{""transaction_id"": ""TXN0000235431"", ""amount"": 4148.0, ""merchant_category"": ""Education"", ""sender_bank"": ""Kotak"", ""receiver_bank"": ""SBI"", ""fraud_flag"": 0, ""timestamp"": ""2024-09-27 18:33:54""}","{""delivery_partner"": ""dhl"", ""delivery_status"": ""delayed"", ""delayed"": ""yes"", ""delivery_rating"": 3.0, ""region"": ""north""}",1
not_as_described,"{""transaction_id"": ""TXN0000007546"", ""amount"": 1007.0, ""merchant_category"": ""Shopping"", ""sender_bank"": ""SBI"", ""receiver_bank"": ""Yes Bank"", ""fraud_flag"": 0, ""timestamp"": ""2024-04-10 10:46:37""}","{""delivery_partner"": ""fedex"", ""delivery_status"": ""delivered"", ""delayed"": ""no"", ""delivery_rating"": 4.0, ""region"": ""east""}",1
not_as_described,"{""transaction_id"": ""TXN0000121261"", ""amount"": 475.0, ""merchant_category"": ""Food"", ""sender_bank"": ""SBI"", ""receiver_bank"": ""IndusInd"", ""fraud_flag"": 0, ""timestamp"": ""2024-12-26 18:18:56""}","{""delivery_partner"": ""ekart"", ""delivery_status"": ""delivered"", ""delayed"": ""no"", ""delivery_rating"": 5.0, ""region"": ""east""}",0
not_as_described,"{""transaction_id"": ""TXN0000095255"", ""amount"": 340.0, ""merchant_category"": ""Grocery"", ""sender_bank"": ""HDFC"", ""receiver_bank"": ""HDFC"", ""fraud_flag"": 0, ""timestamp"": ""2024-03-08 06:40:41""}","{""delivery_partner"": ""dhl"", ""delivery_status"": ""delivered"", ""delayed"": ""no"", ""delivery_rating"": 5.0, ""region"": ""central""}",0
not_as_described,"{""transaction_id"": ""TXN0000033518"", ""amount"": 4206.0, ""merchant_category"": ""Shopping"", ""sender_bank"": ""Axis"", ""receiver_bank"": ""HDFC"", ""fraud_flag"": 0, ""timestamp"": ""2024-02-25 08:14:22""}","{""delivery_partner"": ""ekart"", ""delivery_status"": ""delivered"", ""delayed"": ""no"", ""delivery_rating"": 3.0, ""region"": ""south""}",1
not_as_described,"{""transaction_id"": ""TXN0000026986"", ""amount"": 254.0, ""merchant_category"": ""Other"", ""sender_bank"": ""HDFC"", ""receiver_bank"": ""Yes Bank"", ""fraud_flag"": 0, ""timestamp"": ""2024-07-17 09:29:06""}","{""delivery_partner"": ""dhl"", ""delivery_status"": ""failed"", ""delayed"": ""yes"", ""delivery_rating"": 2.0, ""region"": ""west""}",0
not_as_described,"{""transaction_id"": ""TXN0000050424"", ""amount"": 3341.0, ""merchant_category"": ""Grocery"", ""sender_bank"": ""IndusInd"", ""receiver_bank"": ""HDFC"", ""fraud_flag"": 0, ""timestamp"": ""2024-05-11 20:18:07""}","{""delivery_partner"": ""shadowfax"", ""delivery_status"": ""delayed"", ""delayed"": ""yes"", ""delivery_rating"": 2.0, ""region"": ""central""}",1
not_as_described,"{""transaction_id"": ""TXN0000216283"", ""amount"": 4459.0, ""merchant_category"": ""Shopping"", ""sender_bank"": ""Yes Bank"", ""receiver_bank"": ""SBI"", ""fraud_flag"": 0, ""timestamp"": ""2024-08-07 17:33:50""}","{""delivery_partner"": ""delhivery"", ""delivery_status"": ""failed"", ""delayed"": ""yes"", ""delivery_rating"": 1.0, ""region"": ""central""}",1
not_as_described,"{""transaction_id"": ""TXN0000207658"", ""amount"": 141.0, ""merchant_category"": ""Grocery"", ""sender_bank"": ""Axis"", ""receiver_bank"": ""ICICI"", ""fraud_flag"": 0, ""timestamp"": ""2024-06-08 20:27:43""}","{""delivery_partner"": ""xpressbees"", ""delivery_status"": ""delivered"", ""delayed"": ""no"", ""delivery_rating"": 4.0, ""region"": ""west""}",1
not_as_described,"{""transaction_id"": ""TXN0000083588"", ""amount"": 358.0, ""merchant_category"": ""Utilities"", ""sender_bank"": ""SBI"", ""receiver_bank"": ""SBI"", ""fraud_flag"": 0, ""timestamp"": ""2024-03-23 12:36:55""}","{""delivery_partner"": ""delhivery"", ""delivery_status"": ""delayed"", ""delayed"": ""yes"", ""delivery_rating"": 3.0, ""region"": ""central""}",0
not_as_described,"{""transaction_id"": ""TXN0000122887"", ""amount"": 64.0, ""merchant_category"": ""Food"", ""sender_bank"": ""SBI"", ""receiver_bank"": ""SBI"", ""fraud_flag"": 0, ""timestamp"": ""2024-09-23 07:46:01""}","{""delivery_partner"": ""ecom express"", ""delivery_status"": ""delivered"", ""delayed"": ""no"", ""delivery_rating"": 5.0, ""region"": ""south""}",1
not_as_described,"{""transaction_id"": ""TXN0000172502"", ""amount"": 255.0, ""merchant_category"": ""Utilities"", ""sender_bank"": ""IndusInd"", ""receiver_bank"": ""Yes Bank"", ""fraud_flag"": 0, ""timestamp"": ""2024-04-19 10:55:40""}","{""delivery_partner"": ""amazon logistics"", ""delivery_status"": ""delivered"", ""delayed"": ""no"", ""delivery_rating"": 3.0, ""region"": ""north""}",1
not_as_described,"{""transaction_id"": ""TXN0000047492"", ""amount"": 754.0, ""merchant_category"": ""Utilities"", ""sender_bank"": ""ICICI"", ""receiver_bank"": ""Yes Bank"", ""fraud_flag"": 0, ""timestamp"": ""2024-03-07 08:00:10""}","{""delivery_partner"": ""xpressbees"", ""delivery_status"": ""delivered"", ""delayed"": ""no"", ""delivery_rating"": 3.0, ""region"": ""north""}",0
not_as_described,"{""transaction_id"": ""TXN0000024872"", ""amount"": 194.0, ""merchant_category"": ""Entertainment"", ""sender_bank"": ""PNB"", ""receiver_bank"": ""IndusInd"", ""fraud_flag"": 0, ""timestamp"": ""2024-11-08 21:28:57""}","{""delivery_partner"": ""xpressbees"", ""delivery_status"": ""delivered"", ""delayed"": ""no"", ""delivery_rating"": 4.0, ""region"": ""north""}",0
not_as_described,"{""transaction_id"": ""TXN0000231253"", ""amount"": 454.0, ""merchant_category"": ""Food"", ""sender_bank"": ""SBI"", ""receiver_bank"": ""SBI"", ""fraud_flag"": 0, ""timestamp"": ""2024-10-12 04:43:08""}","{""delivery_partner"": ""shadowfax"", ""delivery_status"": ""delivered"", ""delayed"": ""no"", ""delivery_rating"": 5.0, ""region"": ""west""}",0
not_as_described,"{""transaction_id"": ""TXN0000231327"", ""amount"": 879.0, ""merchant_category"": ""Healthcare"", ""sender_bank"": ""Yes Bank"", ""receiver_bank"": ""SBI"", ""fraud_flag"": 0, ""timestamp"": ""2024-02-08 19:11:41""}","{""delivery_partner"": ""shadowfax"", ""delivery_status"": ""delivered"", ""delayed"": ""no"", ""delivery_rating"": 4.0, ""region"": ""south""}",0
not_as_described,"{""transaction_id"": ""TXN0000027717"", ""amount"": 643.0, ""merchant_category"": ""Food"", ""sender_bank"": ""HDFC"", ""receiver_bank"": ""HDFC"", ""fraud_flag"": 0, ""timestamp"": ""2024-12-06 21:22:34""}","{""delivery_partner"": ""dhl"", ""delivery_status"": ""delayed"", ""delayed"": ""yes"", ""delivery_rating"": 2.0, ""region"": ""central""}",0
not_as_described,"{""transaction_id"": ""TXN0000090400"", ""amount"": 1834.0, ""merchant_category"": ""Shopping"", ""sender_bank"": ""ICICI"", ""receiver_bank"": ""ICICI"", ""fraud_flag"": 0, ""timestamp"": ""2024-07-11 19:24:13""}","{""delivery_partner"": ""ekart"", ""delivery_status"": ""delivered"", ""delayed"": ""no"", ""delivery_rating"": 3.0, ""region"": ""west""}",0
not_as_described,"{""transaction_id"": ""TXN0000130115"", ""amount"": 310.0, ""merchant_category"": ""Food"", ""sender_bank"": ""SBI"", ""receiver_bank"": ""Axis"", ""fraud_flag"": 0, ""timestamp"": ""2024-01-31 18:53:28""}","{""delivery_partner"": ""delhivery"", ""delivery_status"": ""delivered"", ""delayed"": ""no"", ""delivery_rating"": 3.0, ""region"": ""central""}",0
not_as_described,"{""transaction_id"": ""TXN0000109803"", ""amount"": 3612.0, ""merchant_category"": ""Fuel"", ""sender_bank"": ""ICICI"", ""receiver_bank"": ""Axis"", ""fraud_flag"": 0, ""timestamp"": ""2024-09-19 17:58:44""}","{""delivery_partner"": ""blue dart"", ""delivery_status"": ""delivered"", ""delayed"": ""no"", ""delivery_rating"": 4.0, ""region"": ""west""}",1
not_as_described,"{""transaction_id"": ""TXN0000084606"", ""amount"": 981.0, ""merchant_category"": ""Utilities"", ""sender_bank"": ""PNB"", ""receiver_bank"": ""SBI"", ""fraud_flag"": 0, ""timestamp"": ""2024-02-27 19:11:18""}","{""delivery_partner"": ""dhl"", ""delivery_status"": ""delivered"", ""delayed"": ""no"", ""delivery_rating"": 5.0, ""region"": ""north""}",0
duplicate_charge,"{""transaction_id"": ""TXN0000226621"", ""amount"": 1044.0, ""merchant_category"": ""Food"", ""sender_bank"": ""IndusInd"", ""receiver_bank"": ""ICICI"", ""fraud_flag"": 0, ""timestamp"": ""2024-04-06 07:53:25""}","{""delivery_partner"": ""blue dart"", ""delivery_status"": ""delivered"", ""delayed"": ""no"", ""delivery_rating"": 3.0, ""region"": ""east""}",0
duplicate_charge,"{""transaction_id"": ""TXN0000186130"", ""amount"": 768.0, ""merchant_category"": ""Healthcare"", ""sender_bank"": ""Kotak"", ""receiver_bank"": ""PNB"", ""fraud_flag"": 0, ""timestamp"": ""2024-10-06 19:29:29""}","{""delivery_partner"": ""amazon logistics"", ""delivery_status"": ""delivered"", ""delayed"": ""no"", ""delivery_rating"": 4.0, ""region"": ""west""}",0
duplicate_charge,"{""transaction_id"": ""TXN0000037091"", ""amount"": 1059.0, ""merchant_category"": ""Transport"", ""sender_bank"": ""HDFC"", ""receiver_bank"": ""PNB"", ""fraud_flag"": 0, ""timestamp"": ""2024-09-14 00:25:13""}","{""delivery_partner"": ""shadowfax"", ""delivery_status"": ""delayed"", ""delayed"": ""yes"", ""delivery_rating"": 2.0, ""region"": ""south""}",1
duplicate_charge,"{""transaction_id"": ""TXN0000139521"", ""amount"": 701.0, ""merchant_category"": ""Shopping"", ""sender_bank"": ""ICICI"", ""receiver_bank"": ""ICICI"", ""fraud_flag"": 0, ""timestamp"": ""2024-08-20 21:56:47""}","{""delivery_partner"": ""ekart"", ""delivery_status"": ""delivered"", ""delayed"": ""no"", ""delivery_rating"": 5.0, ""region"": ""central""}",1
duplicate_charge,"{""transaction_id"": ""TXN0000183777"", ""amount"": 589.0, ""merchant_category"": ""Grocery"", ""sender_bank"": ""HDFC"", ""receiver_bank"": ""SBI"", ""fraud_flag"": 0, ""timestamp"": ""2024-04-02 11:51:39""}","{""delivery_partner"": ""dhl"", ""delivery_status"": ""delivered"", ""delayed"": ""no"", ""delivery_rating"": 4.0, ""region"": ""south""}",0
duplicate_charge,"{""transaction_id"": ""TXN0000038758"", ""amount"": 449.0, ""merchant_category"": ""Transport"", ""sender_bank"": ""IndusInd"", ""receiver_bank"": ""Yes Bank"", ""fraud_flag"": 0, ""timestamp"": ""2024-06-28 19:44:51""}","{""delivery_partner"": ""amazon logistics"", ""delivery_status"": ""delivered"", ""delayed"": ""no"", ""delivery_rating"": 3.0, ""region"": ""north""}",1
duplicate_charge,"{""transaction_id"": ""TXN0000133644"", ""amount"": 1469.0, ""merchant_category"": ""Healthcare"", ""sender_bank"": ""Axis"", ""receiver_bank"": ""IndusInd"", ""fraud_flag"": 0, ""timestamp"": ""2024-04-12 20:28:23""}","{""delivery_partner"": ""amazon logistics"", ""delivery_status"": ""delivered"", ""delayed"": ""no"", ""delivery_rating"": 5.0, ""region"": ""west""}",0
duplicate_charge,"{""transaction_id"": ""TXN0000075302"", ""amount"": 1050.0, ""merchant_category"": ""Transport"", ""sender_bank"": ""SBI"", ""receiver_bank"": ""IndusInd"", ""fraud_flag"": 0, ""timestamp"": ""2024-05-02 16:57:07""}","{""delivery_partner"": ""blue dart"", ""delivery_status"": ""delayed"", ""delayed"": ""yes"", ""delivery_rating"": 3.0, ""region"": ""west""}",1
duplicate_charge,"{""transaction_id"": ""TXN0000054903"", ""amount"": 1601.0, ""merchant_category"": ""Grocery"", ""sender_bank"": ""Kotak"", ""receiver_bank"": ""HDFC"", ""fraud_flag"": 0, ""timestamp"": ""2024-01-20 21:15:31""}","{""delivery_partner"": ""shadowfax"", ""delivery_status"": ""delivered"", ""delayed"": ""no"", ""delivery_rating"": 4.0, ""region"": ""north""}",0
duplicate_charge,"{""transaction_id"": ""TXN0000109837"", ""amount"": 585.0, ""merchant_category"": ""Fuel"", ""sender_bank"": ""SBI"", ""receiver_bank"": ""SBI"", ""fraud_flag"": 0, ""timestamp"": ""2024-12-15 20:44:40""}","{""delivery_partner"": ""dhl"", ""delivery_status"": ""delayed"", ""delayed"": ""yes"", ""delivery_rating"": 2.0, ""region"": ""central""}",0
duplicate_charge,"{""transaction_id"": ""TXN0000029528"", ""amount"": 376.0, ""merchant_category"": ""Fuel"", ""sender_bank"": ""SBI"", ""receiver_bank"": ""Axis"", ""fraud_flag"": 0, ""timestamp"": ""2024-01-02 19:42:21""}","{""delivery_partner"": ""xpressbees"", ""delivery_status"": ""delivered"", ""delayed"": ""no"", ""delivery_rating"": 5.0, ""region"": ""central""}",0
duplicate_charge,"{""transaction_id"": ""TXN0000019608"", ""amount"": 2457.0, ""merchant_category"": ""Fuel"", ""sender_bank"": ""Axis"", ""receiver_bank"": ""HDFC"", ""fraud_flag"": 0, ""timestamp"": ""2024-08-01 09:15:34""}","{""delivery_partner"": ""xpressbees"", ""delivery_status"": ""delivered"", ""delayed"": ""no"", ""delivery_rating"": 5.0, ""region"": ""north""}",0
duplicate_charge,"{""transaction_id"": ""TXN0000036617"", ""amount"": 1063.0, ""merchant_category"": ""Education"", ""sender_bank"": ""HDFC"", ""receiver_bank"": ""ICICI"", ""fraud_flag"": 0, ""timestamp"": ""2024-09-19 20:06:57""}","{""delivery_partner"": ""ecom express"", ""delivery_status"": ""delivered"", ""delayed"": ""no"", ""delivery_rating"": 4.0, ""region"": ""south""}",0
duplicate_charge,"{""transaction_id"": ""TXN0000065317"", ""amount"": 1328.0, ""merchant_category"": ""Grocery"", ""sender_bank"": ""SBI"", ""receiver_bank"": ""ICICI"", ""fraud_flag"": 0, ""timestamp"": ""2024-09-12 19:37:23""}","{""delivery_partner"": ""amazon logistics"", ""delivery_status"": ""delivered"", ""delayed"": ""no"", ""delivery_rating"": 4.0, ""region"": ""south""}",1
duplicate_charge,"{""transaction_id"": ""TXN0000189533"", ""amount"": 2829.0, ""merchant_category"": ""Education"", ""sender_bank"": ""SBI"", ""receiver_bank"": ""Axis"", ""fraud_flag"": 0, ""timestamp"": ""2024-06-27 11:52:51""}","{""delivery_partner"": ""dhl"", ""delivery_status"": ""delivered"", ""delayed"": ""no"", ""delivery_rating"": 5.0, ""region"": ""west""}",1
duplicate_charge,"{""transaction_id"": ""TXN0000022744"", ""amount"": 2288.0, ""merchant_category"": ""Utilities"", ""sender_bank"": ""IndusInd"", ""receiver_bank"": ""Axis"", ""fraud_flag"": 0, ""timestamp"": ""2024-10-03 22:32:15""}","{""delivery_partner"": ""fedex"", ""delivery_status"": ""delivered"", ""delayed"": ""no"", ""delivery_rating"": 4.0, ""region"": ""south""}",1
duplicate_charge,"{""transaction_id"": ""TXN0000000819"", ""amount"": 646.0, ""merchant_category"": ""Transport"", ""sender_bank"": ""SBI"", ""receiver_bank"": ""SBI"", ""fraud_flag"": 0, ""timestamp"": ""2024-10-06 19:08:26""}","{""delivery_partner"": ""amazon logistics"", ""delivery_status"": ""delivered"", ""delayed"": ""no"", ""delivery_rating"": 5.0, ""region"": ""central""}",1
duplicate_charge,"{""transaction_id"": ""TXN0000179128"", ""amount"": 743.0, ""merchant_category"": ""Other"", ""sender_bank"": ""SBI"", ""receiver_bank"": ""PNB"", ""fraud_flag"": 0, ""timestamp"": ""2024-09-18 11:44:12""}","{""delivery_partner"": ""ekart"", ""delivery_status"": ""delivered"", ""delayed"": ""no"", ""delivery_rating"": 4.0, ""region"": ""south""}",1
duplicate_charge,"{""transaction_id"": ""TXN0000218578"", ""amount"": 183.0, ""merchant_category"": ""Entertainment"", ""sender_bank"": ""HDFC"", ""receiver_bank"": ""Kotak"", ""fraud_flag"": 0, ""timestamp"": ""2024-10-08 18:58:58""}","{""delivery_partner"": ""delhivery"", ""delivery_status"": ""delivered"", ""delayed"": ""no"", ""delivery_rating"": 4.0, ""region"": ""central""}",1
duplicate_charge,"{""transaction_id"": ""TXN0000060671"", ""amount"": 390.0, ""merchant_category"": ""Other"", ""sender_bank"": ""ICICI"", ""receiver_bank"": ""IndusInd"", ""fraud_flag"": 0, ""timestamp"": ""2024-05-17 22:25:24""}","{""delivery_partner"": ""xpressbees"", ""delivery_status"": ""delivered"", ""delayed"": ""no"", ""delivery_rating"": 5.0, ""region"": ""south""}",1
duplicate_charge,"{""transaction_id"": ""TXN0000086009"", ""amount"": 349.0, ""merchant_category"": ""Utilities"", ""sender_bank"": ""Axis"", ""receiver_bank"": ""SBI"", ""fraud_flag"": 0, ""timestamp"": ""2024-05-13 11:48:41""}","{""delivery_partner"": ""ekart"", ""delivery_status"": ""delivered"", ""delayed"": ""no"", ""delivery_rating"": 4.0, ""region"": ""east""}",0
duplicate_charge,"{""transaction_id"": ""TXN0000123592"", ""amount"": 676.0, ""merchant_category"": ""Utilities"", ""sender_bank"": ""SBI"", ""receiver_bank"": ""Kotak"", ""fraud_flag"": 0, ""timestamp"": ""2024-12-01 10:15:57""}","{""delivery_partner"": ""ecom express"", ""delivery_status"": ""delivered"", ""delayed"": ""no"", ""delivery_rating"": 5.0, ""region"": ""east""}",0
duplicate_charge,"{""transaction_id"": ""TXN0000229684"", ""amount"": 1212.0, ""merchant_category"": ""Other"", ""sender_bank"": ""IndusInd"", ""receiver_bank"": ""Axis"", ""fraud_flag"": 0, ""timestamp"": ""2024-10-26 11:02:04""}","{""delivery_partner"": ""shadowfax"", ""delivery_status"": ""delivered"", ""delayed"": ""no"", ""delivery_rating"": 5.0, ""region"": ""west""}",0
duplicate_charge,"{""transaction_id"": ""TXN0000022102"", ""amount"": 2459.0, ""merchant_category"": ""Shopping"", ""sender_bank"": ""SBI"", ""receiver_bank"": ""Yes Bank"", ""fraud_flag"": 0, ""timestamp"": ""2024-10-18 22:45:09""}","{""delivery_partner"": ""ecom express"", ""delivery_status"": ""delivered"", ""delayed"": ""no"", ""delivery_rating"": 4.0, ""region"": ""central""}",0
duplicate_charge,"{""transaction_id"": ""TXN0000072998"", ""amount"": 595.0, ""merchant_category"": ""Other"", ""sender_bank"": ""ICICI"", ""receiver_bank"": ""HDFC"", ""fraud_flag"": 0, ""timestamp"": ""2024-11-20 22:14:53""}","{""delivery_partner"": ""amazon logistics"", ""delivery_status"": ""delivered"", ""delayed"": ""no"", ""delivery_rating"": 3.0, ""region"": ""south""}",0
duplicate_charge,"{""transaction_id"": ""TXN0000092970"", ""amount"": 1681.0, ""merchant_category"": ""Utilities"", ""sender_bank"": ""IndusInd"", ""receiver_bank"": ""SBI"", ""fraud_flag"": 0, ""timestamp"": ""2024-07-20 05:59:41""}","{""delivery_partner"": ""xpressbees"", ""delivery_status"": ""delivered"", ""delayed"": ""no"", ""delivery_rating"": 5.0, ""region"": ""east""}",0
duplicate_charge,"{""transaction_id"": ""TXN0000224060"", ""amount"": 155.0, ""merchant_category"": ""Utilities"", ""sender_bank"": ""IndusInd"", ""receiver_bank"": ""SBI"", ""fraud_flag"": 0, ""timestamp"": ""2024-07-08 19:21:27""}","{""delivery_partner"": ""fedex"", ""delivery_status"": ""delivered"", ""delayed"": ""no"", ""delivery_rating"": 5.0, ""region"": ""east""}",0
duplicate_charge,"{""transaction_id"": ""TXN0000243453"", ""amount"": 633.0, ""merchant_category"": ""Grocery"", ""sender_bank"": ""SBI"", ""receiver_bank"": ""Kotak"", ""fraud_flag"": 0, ""timestamp"": ""2024-06-13 17:44:51""}","{""delivery_partner"": ""ekart"", ""delivery_status"": ""delivered"", ""delayed"": ""no"", ""delivery_rating"": 5.0, ""region"": ""east""}",1
duplicate_charge,"{""transaction_id"": ""TXN0000229516"", ""amount"": 310.0, ""merchant_category"": ""Healthcare"", ""sender_bank"": ""Yes Bank"", ""receiver_bank"": ""Kotak"", ""fraud_flag"": 0, ""timestamp"": ""2024-04-24 16:58:16""}","{""delivery_partner"": ""ecom express"", ""delivery_status"": ""delivered"", ""delayed"": ""no"", ""delivery_rating"": 5.0, ""region"": ""west""}",1
duplicate_charge,"{""transaction_id"": ""TXN0000102927"", ""amount"": 3910.0, ""merchant_category"": ""Shopping"", ""sender_bank"": ""HDFC"", ""receiver_bank"": ""IndusInd"", ""fraud_flag"": 0, ""timestamp"": ""2024-07-10 19:54:28""}","{""delivery_partner"": ""amazon logistics"", ""delivery_status"": ""delayed"", ""delayed"": ""yes"", ""delivery_rating"": 3.0, ""region"": ""central""}",1
duplicate_charge,"{""transaction_id"": ""TXN0000094411"", ""amount"": 2912.0, ""merchant_category"": ""Fuel"", ""sender_bank"": ""SBI"", ""receiver_bank"": ""SBI"", ""fraud_flag"": 0, ""timestamp"": ""2024-04-11 21:40:29""}","{""delivery_partner"": ""delhivery"", ""delivery_status"": ""delivered"", ""delayed"": ""no"", ""delivery_rating"": 4.0, ""region"": ""north""}",1
duplicate_charge,"{""transaction_id"": ""TXN0000051396"", ""amount"": 5083.0, ""merchant_category"": ""Education"", ""sender_bank"": ""IndusInd"", ""receiver_bank"": ""SBI"", ""fraud_flag"": 0, ""timestamp"": ""2024-07-29 18:40:48""}","{""delivery_partner"": ""xpressbees"", ""delivery_status"": ""delayed"", ""delayed"": ""yes"", ""delivery_rating"": 2.0, ""region"": ""central""}",1
duplicate_charge,"{""transaction_id"": ""TXN0000180077"", ""amount"": 245.0, ""merchant_category"": ""Other"", ""sender_bank"": ""ICICI"", ""receiver_bank"": ""HDFC"", ""fraud_flag"": 0, ""timestamp"": ""2024-03-05 13:01:30""}","{""delivery_partner"": ""fedex"", ""delivery_status"": ""delivered"", ""delayed"": ""no"", ""delivery_rating"": 4.0, ""region"": ""east""}",0
duplicate_charge,"{""transaction_id"": ""TXN0000003631"", ""amount"": 8817.0, ""merchant_category"": ""Education"", ""sender_bank"": ""IndusInd"", ""receiver_bank"": ""SBI"", ""fraud_flag"": 0, ""timestamp"": ""2024-02-25 18:49:18""}","{""delivery_partner"": ""shadowfax"", ""delivery_status"": ""delivered"", ""delayed"": ""no"", ""delivery_rating"": 5.0, ""region"": ""south""}",0
duplicate_charge,"{""transaction_id"": ""TXN0000028634"", ""amount"": 50.0, ""merchant_category"": ""Food"", ""sender_bank"": ""Axis"", ""receiver_bank"": ""SBI"", ""fraud_flag"": 0, ""timestamp"": ""2024-07-17 10:45:54""}","{""delivery_partner"": ""ecom express"", ""delivery_status"": ""delivered"", ""delayed"": ""no"", ""delivery_rating"": 4.0, ""region"": ""east""}",0
duplicate_charge,"{""transaction_id"": ""TXN0000199072"", ""amount"": 157.0, ""merchant_category"": ""Food"", ""sender_bank"": ""IndusInd"", ""receiver_bank"": ""SBI"", ""fraud_flag"": 0, ""timestamp"": ""2024-03-25 18:21:56""}","{""delivery_partner"": ""dhl"", ""delivery_status"": ""delayed"", ""delayed"": ""yes"", ""delivery_rating"": 2.0, ""region"": ""central""}",0
duplicate_charge,"{""transaction_id"": ""TXN0000137487"", ""amount"": 1688.0, ""merchant_category"": ""Grocery"", ""sender_bank"": ""SBI"", ""receiver_bank"": ""IndusInd"", ""fraud_flag"": 0, ""timestamp"": ""2024-07-14 11:59:59""}","{""delivery_partner"": ""ekart"", ""delivery_status"": ""delivered"", ""delayed"": ""no"", ""delivery_rating"": 5.0, ""region"": ""central""}",0
duplicate_charge,"{""transaction_id"": ""TXN0000145450"", ""amount"": 604.0, ""merchant_category"": ""Shopping"", ""sender_bank"": ""HDFC"", ""receiver_bank"": ""SBI"", ""fraud_flag"": 0, ""timestamp"": ""2024-09-11 13:23:11""}","{""delivery_partner"": ""xpressbees"", ""delivery_status"": ""delivered"", ""delayed"": ""no"", ""delivery_rating"": 4.0, ""region"": ""east""}",0
duplicate_charge,"{""transaction_id"": ""TXN0000172541"", ""amount"": 302.0, ""merchant_category"": ""Transport"", ""sender_bank"": ""IndusInd"", ""receiver_bank"": ""SBI"", ""fraud_flag"": 0, ""timestamp"": ""2024-03-20 20:26:38""}","{""delivery_partner"": ""delhivery"", ""delivery_status"": ""delivered"", ""delayed"": ""no"", ""delivery_rating"": 3.0, ""region"": ""central""}",1
duplicate_charge,"{""transaction_id"": ""TXN0000240411"", ""amount"": 161.0, ""merchant_category"": ""Transport"", ""sender_bank"": ""HDFC"", ""receiver_bank"": ""Kotak"", ""fraud_flag"": 0, ""timestamp"": ""2024-11-30 17:07:09""}","{""delivery_partner"": ""shadowfax"", ""delivery_status"": ""delivered"", ""delayed"": ""no"", ""delivery_rating"": 5.0, ""region"": ""west""}",0
duplicate_charge,"{""transaction_id"": ""TXN0000218115"", ""amount"": 360.0, ""merchant_category"": ""Grocery"", ""sender_bank"": ""PNB"", ""receiver_bank"": ""ICICI"", ""fraud_flag"": 0, ""timestamp"": ""2024-07-24 19:59:27""}","{""delivery_partner"": ""ecom express"", ""delivery_status"": ""delivered"", ""delayed"": ""no"", ""delivery_rating"": 5.0, ""region"": ""central""}",0
duplicate_charge,"{""transaction_id"": ""TXN0000052716"", ""amount"": 6538.0, ""merchant_category"": ""Education"", ""sender_bank"": ""IndusInd"", ""receiver_bank"": ""HDFC"", ""fraud_flag"": 0, ""timestamp"": ""2024-04-21 00:39:22""}","{""delivery_partner"": ""amazon logistics"", ""delivery_status"": ""delivered"", ""delayed"": ""no"", ""delivery_rating"": 3.0, ""region"": ""east""}",0
duplicate_charge,"{""transaction_id"": ""TXN0000042126"", ""amount"": 96.0, ""merchant_category"": ""Transport"", ""sender_bank"": ""Yes Bank"", ""receiver_bank"": ""SBI"", ""fraud_flag"": 0, ""timestamp"": ""2024-12-07 18:16:35""}","{""delivery_partner"": ""xpressbees"", ""delivery_status"": ""delivered"", ""delayed"": ""no"", ""delivery_rating"": 4.0, ""region"": ""south""}",0
duplicate_charge,"{""transaction_id"": ""TXN0000107388"", ""amount"": 2378.0, ""merchant_category"": ""Shopping"", ""sender_bank"": ""Yes Bank"", ""receiver_bank"": ""Yes Bank"", ""fraud_flag"": 0, ""timestamp"": ""2024-09-01 22:46:22""}","{""delivery_partner"": ""shadowfax"", ""delivery_status"": ""delivered"", ""delayed"": ""no"", ""delivery_rating"": 4.0, ""region"": ""south""}",0
duplicate_charge,"{""transaction_id"": ""TXN0000135052"", ""amount"": 2737.0, ""merchant_category"": ""Grocery"", ""sender_bank"": ""ICICI"", ""receiver_bank"": ""SBI"", ""fraud_flag"": 0, ""timestamp"": ""2024-12-30 11:28:34""}","{""delivery_partner"": ""dhl"", ""delivery_status"": ""delayed"", ""delayed"": ""yes"", ""delivery_rating"": 3.0, ""region"": ""north""}",1
duplicate_charge,"{""transaction_id"": ""TXN0000198899"", ""amount"": 1207.0, ""merchant_category"": ""Shopping"", ""sender_bank"": ""ICICI"", ""receiver_bank"": ""SBI"", ""fraud_flag"": 0, ""timestamp"": ""2024-10-21 18:28:33""}","{""delivery_partner"": ""amazon logistics"", ""delivery_status"": ""delayed"", ""delayed"": ""yes"", ""delivery_rating"": 2.0, ""region"": ""south""}",1
duplicate_charge,"{""transaction_id"": ""TXN0000019682"", ""amount"": 468.0, ""merchant_category"": ""Other"", ""sender_bank"": ""ICICI"", ""receiver_bank"": ""HDFC"", ""fraud_flag"": 0, ""timestamp"": ""2024-11-01 18:33:17""}","{""delivery_partner"": ""dhl"", ""delivery_status"": ""delivered"", ""delayed"": ""no"", ""delivery_rating"": 5.0, ""region"": ""east""}",1
duplicate_charge,"{""transaction_id"": ""TXN0000109061"", ""amount"": 283.0, ""merchant_category"": ""Other"", ""sender_bank"": ""Axis"", ""receiver_bank"": ""IndusInd"", ""fraud_flag"": 0, ""timestamp"": ""2024-11-12 23:27:31""}","{""delivery_partner"": ""blue dart"", ""delivery_status"": ""delivered"", ""delayed"": ""no"", ""delivery_rating"": 5.0, ""region"": ""east""}",0
unauthorized_transaction,"{""transaction_id"": ""TXN0000051377"", ""amount"": 195.0, ""merchant_category"": ""Utilities"", ""sender_bank"": ""PNB"", ""receiver_bank"": ""ICICI"", ""fraud_flag"": 0, ""timestamp"": ""2024-08-19 16:56:02""}","{""delivery_partner"": ""fedex"", ""delivery_status"": ""delayed"", ""delayed"": ""yes"", ""delivery_rating"": 3.0, ""region"": ""west""}",0
unauthorized_transaction,"{""transaction_id"": ""TXN0000063397"", ""amount"": 239.0, ""merchant_category"": ""Food"", ""sender_bank"": ""Axis"", ""receiver_bank"": ""ICICI"", ""fraud_flag"": 0, ""timestamp"": ""2024-10-24 19:28:36""}","{""delivery_partner"": ""ecom express"", ""delivery_status"": ""delivered"", ""delayed"": ""no"", ""delivery_rating"": 5.0, ""region"": ""central""}",0
unauthorized_transaction,"{""transaction_id"": ""TXN0000168459"", ""amount"": 1578.0, ""merchant_category"": ""Food"", ""sender_bank"": ""SBI"", ""receiver_bank"": ""Yes Bank"", ""fraud_flag"": 0, ""timestamp"": ""2024-07-25 17:10:05""}","{""delivery_partner"": ""shadowfax"", ""delivery_status"": ""failed"", ""delayed"": ""yes"", ""delivery_rating"": 1.0, ""region"": ""central""}",1
unauthorized_transaction,"{""transaction_id"": ""TXN0000029476"", ""amount"": 101.0, ""merchant_category"": ""Transport"", ""sender_bank"": ""IndusInd"", ""receiver_bank"": ""SBI"", ""fraud_flag"": 0, ""timestamp"": ""2024-07-04 05:09:07""}","{""delivery_partner"": ""dhl"", ""delivery_status"": ""delivered"", ""delayed"": ""no"", ""delivery_rating"": 4.0, ""region"": ""central""}",0
unauthorized_transaction,"{""transaction_id"": ""TXN0000214747"", ""amount"": 3223.0, ""merchant_category"": ""Utilities"", ""sender_bank"": ""HDFC"", ""receiver_bank"": ""SBI"", ""fraud_flag"": 0, ""timestamp"": ""2024-01-13 06:11:56""}","{""delivery_partner"": ""shadowfax"", ""delivery_status"": ""delivered"", ""delayed"": ""no"", ""delivery_rating"": 4.0, ""region"": ""north""}",0
unauthorized_transaction,"{""transaction_id"": ""TXN0000229124"", ""amount"": 427.0, ""merchant_category"": ""Food"", ""sender_bank"": ""Kotak"", ""receiver_bank"": ""HDFC"", ""fraud_flag"": 0, ""timestamp"": ""2024-09-01 10:38:57""}","{""delivery_partner"": ""ecom express"", ""delivery_status"": ""failed"", ""delayed"": ""yes"", ""delivery_rating"": 1.0, ""region"": ""south""}",1
unauthorized_transaction,"{""transaction_id"": ""TXN0000050060"", ""amount"": 205.0, ""merchant_category"": ""Food"", ""sender_bank"": ""SBI"", ""receiver_bank"": ""Kotak"", ""fraud_flag"": 0, ""timestamp"": ""2024-03-12 18:44:36""}","{""delivery_partner"": ""amazon logistics"", ""delivery_status"": ""delivered"", ""delayed"": ""no"", ""delivery_rating"": 5.0, ""region"": ""north""}",0
unauthorized_transaction,"{""transaction_id"": ""TXN0000015480"", ""amount"": 461.0, ""merchant_category"": ""Fuel"", ""sender_bank"": ""PNB"", ""receiver_bank"": ""SBI"", ""fraud_flag"": 0, ""timestamp"": ""2024-04-21 06:29:25""}","{""delivery_partner"": ""ekart"", ""delivery_status"": ""delayed"", ""delayed"": ""yes"", ""delivery_rating"": 3.0, ""region"": ""north""}",1
unauthorized_transaction,"{""transaction_id"": ""TXN0000098613"", ""amount"": 86.0, ""merchant_category"": ""Transport"", ""sender_bank"": ""SBI"", ""receiver_bank"": ""ICICI"", ""fraud_flag"": 0, ""timestamp"": ""2024-07-22 08:02:46""}","{""delivery_partner"": ""shadowfax"", ""delivery_status"": ""delivered"", ""delayed"": ""no"", ""delivery_rating"": 3.0, ""region"": ""west""}",1
unauthorized_transaction,"{""transaction_id"": ""TXN0000220263"", ""amount"": 444.0, ""merchant_category"": ""Healthcare"", ""sender_bank"": ""SBI"", ""receiver_bank"": ""ICICI"", ""fraud_flag"": 0, ""timestamp"": ""2024-05-06 02:40:02""}","{""delivery_partner"": ""fedex"", ""delivery_status"": ""delayed"", ""delayed"": ""yes"", ""delivery_rating"": 2.0, ""region"": ""west""}",0
unauthorized_transaction,"{""transaction_id"": ""TXN0000060570"", ""amount"": 1384.0, ""merchant_category"": ""Fuel"", ""sender_bank"": ""HDFC"", ""receiver_bank"": ""Yes Bank"", ""fraud_flag"": 0, ""timestamp"": ""2024-10-26 18:48:53""}","{""delivery_partner"": ""delhivery"", ""delivery_status"": ""delivered"", ""delayed"": ""no"", ""delivery_rating"": 4.0, ""region"": ""south""}",0
unauthorized_transaction,"{""transaction_id"": ""TXN0000069594"", ""amount"": 2351.0, ""merchant_category"": ""Fuel"", ""sender_bank"": ""HDFC"", ""receiver_bank"": ""SBI"", ""fraud_flag"": 0, ""timestamp"": ""2024-03-24 21:09:49""}","{""delivery_partner"": ""amazon logistics"", ""delivery_status"": ""delivered"", ""delayed"": ""no"", ""delivery_rating"": 4.0, ""region"": ""south""}",1
unauthorized_transaction,"{""transaction_id"": ""TXN0000130850"", ""amount"": 81.0, ""merchant_category"": ""Food"", ""sender_bank"": ""HDFC"", ""receiver_bank"": ""IndusInd"", ""fraud_flag"": 0, ""timestamp"": ""2024-01-08 19:08:00""}","{""delivery_partner"": ""delhivery"", ""delivery_status"": ""delivered"", ""delayed"": ""no"", ""delivery_rating"": 4.0, ""region"": ""north""}",0
unauthorized_transaction,"{""transaction_id"": ""TXN0000098057"", ""amount"": 326.0, ""merchant_category"": ""Food"", ""sender_bank"": ""Axis"", ""receiver_bank"": ""Yes Bank"", ""fraud_flag"": 0, ""timestamp"": ""2024-02-24 09:26:32""}","{""delivery_partner"": ""amazon logistics"", ""delivery_status"": ""delayed"", ""delayed"": ""yes"", ""delivery_rating"": 2.0, ""region"": ""north""}",1
unauthorized_transaction,"{""transaction_id"": ""TXN0000042499"", ""amount"": 3369.0, ""merchant_category"": ""Fuel"", ""sender_bank"": ""IndusInd"", ""receiver_bank"": ""Kotak"", ""fraud_flag"": 0, ""timestamp"": ""2024-11-20 15:41:24""}","{""delivery_partner"": ""amazon logistics"", ""delivery_status"": ""delivered"", ""delayed"": ""no"", ""delivery_rating"": 5.0, ""region"": ""south""}",0
unauthorized_transaction,"{""transaction_id"": ""TXN0000185242"", ""amount"": 164.0, ""merchant_category"": ""Grocery"", ""sender_bank"": ""Axis"", ""receiver_bank"": ""SBI"", ""fraud_flag"": 0, ""timestamp"": ""2024-10-09 00:27:22""}","{""delivery_partner"": ""dhl"", ""delivery_status"": ""delivered"", ""delayed"": ""no"", ""delivery_rating"": 5.0, ""region"": ""south""}",1
unauthorized_transaction,"{""transaction_id"": ""TXN0000181249"", ""amount"": 151.0, ""merchant_category"": ""Shopping"", ""sender_bank"": ""PNB"", ""receiver_bank"": ""HDFC"", ""fraud_flag"": 0, ""timestamp"": ""2024-09-30 23:22:36""}","{""delivery_partner"": ""ecom express"", ""delivery_status"": ""delivered"", ""delayed"": ""no"", ""delivery_rating"": 5.0, ""region"": ""west""}",0
unauthorized_transaction,"{""transaction_id"": ""TXN0000089878"", ""amount"": 874.0, ""merchant_category"": ""Grocery"", ""sender_bank"": ""SBI"", ""receiver_bank"": ""Kotak"", ""fraud_flag"": 0, ""timestamp"": ""2024-08-31 20:38:51""}","{""delivery_partner"": ""ecom express"", ""delivery_status"": ""delayed"", ""delayed"": ""yes"", ""delivery_rating"": 3.0, ""region"": ""north""}",1
unauthorized_transaction,"{""transaction_id"": ""TXN0000075894"", ""amount"": 2677.0, ""merchant_category"": ""Fuel"", ""sender_bank"": ""PNB"", ""receiver_bank"": ""Yes Bank"", ""fraud_flag"": 0, ""timestamp"": ""2024-04-14 17:20:58""}","{""delivery_partner"": ""delhivery"", ""delivery_status"": ""delivered"", ""delayed"": ""no"", ""delivery_rating"": 4.0, ""region"": ""east""}",0
unauthorized_transaction,"{""transaction_id"": ""TXN0000027097"", ""amount"": 109.0, ""merchant_category"": ""Grocery"", ""sender_bank"": ""ICICI"", ""receiver_bank"": ""HDFC"", ""fraud_flag"": 0, ""timestamp"": ""2024-08-20 16:53:55""}","{""delivery_partner"": ""xpressbees"", ""delivery_status"": ""delivered"", ""delayed"": ""no"", ""delivery_rating"": 5.0, ""region"": ""south""}",0
unauthorized_transaction,"{""transaction_id"": ""TXN0000200426"", ""amount"": 69.0, ""merchant_category"": ""Transport"", ""sender_bank"": ""SBI"", ""receiver_bank"": ""SBI"", ""fraud_flag"": 0, ""timestamp"": ""2024-01-08 14:57:02""}","{""delivery_partner"": ""delhivery"", ""delivery_status"": ""delivered"", ""delayed"": ""no"", ""delivery_rating"": 3.0, ""region"": ""west""}",0
unauthorized_transaction,"{""transaction_id"": ""TXN0000211133"", ""amount"": 327.0, ""merchant_category"": ""Transport"", ""sender_bank"": ""Kotak"", ""receiver_bank"": ""Axis"", ""fraud_flag"": 0, ""timestamp"": ""2024-02-07 05:50:06""}","{""delivery_partner"": ""shadowfax"", ""delivery_status"": ""delivered"", ""delayed"": ""no"", ""delivery_rating"": 5.0, ""region"": ""east""}",0
unauthorized_transaction,"{""transaction_id"": ""TXN0000045305"", ""amount"": 444.0, ""merchant_category"": ""Fuel"", ""sender_bank"": ""IndusInd"", ""receiver_bank"": ""Yes Bank"", ""fraud_flag"": 0, ""timestamp"": ""2024-03-29 09:35:25""}","{""delivery_partner"": ""xpressbees"", ""delivery_status"": ""delivered"", ""delayed"": ""no"", ""delivery_rating"": 5.0, ""region"": ""west""}",1
unauthorized_transaction,"{""transaction_id"": ""TXN0000104735"", ""amount"": 211.0, ""merchant_category"": ""Other"", ""sender_bank"": ""Axis"", ""receiver_bank"": ""SBI"", ""fraud_flag"": 0, ""timestamp"": ""2024-10-26 13:54:47""}","{""delivery_partner"": ""amazon logistics"", ""delivery_status"": ""delivered"", ""delayed"": ""no"", ""delivery_rating"": 4.0, ""region"": ""south""}",1
unauthorized_transaction,"{""transaction_id"": ""TXN0000171134"", ""amount"": 1622.0, ""merchant_category"": ""Fuel"", ""sender_bank"": ""Yes Bank"", ""receiver_bank"": ""SBI"", ""fraud_flag"": 0, ""timestamp"": ""2024-04-27 11:37:35""}","{""delivery_partner"": ""blue dart"", ""delivery_status"": ""failed"", ""delayed"": ""yes"", ""delivery_rating"": 1.0, ""region"": ""south""}",0
unauthorized_transaction,"{""transaction_id"": ""TXN0000123616"", ""amount"": 732.0, ""merchant_category"": ""Entertainment"", ""sender_bank"": ""SBI"", ""receiver_bank"": ""ICICI"", ""fraud_flag"": 0, ""timestamp"": ""2024-01-29 11:35:18""}","{""delivery_partner"": ""shadowfax"", ""delivery_status"": ""delivered"", ""delayed"": ""no"", ""delivery_rating"": 5.0, ""region"": ""west""}",0
unauthorized_transaction,"{""transaction_id"": ""TXN0000201238"", ""amount"": 299.0, ""merchant_category"": ""Food"", ""sender_bank"": ""HDFC"", ""receiver_bank"": ""PNB"", ""fraud_flag"": 0, ""timestamp"": ""2024-01-18 12:30:05""}","{""delivery_partner"": ""ekart"", ""delivery_status"": ""delayed"", ""delayed"": ""yes"", ""delivery_rating"": 3.0, ""region"": ""central""}",0
unauthorized_transaction,"{""transaction_id"": ""TXN0000226767"", ""amount"": 470.0, ""merchant_category"": ""Shopping"", ""sender_bank"": ""Yes Bank"", ""receiver_bank"": ""SBI"", ""fraud_flag"": 0, ""timestamp"": ""2024-09-23 20:01:50""}","{""delivery_partner"": ""delhivery"", ""delivery_status"": ""delayed"", ""delayed"": ""yes"", ""delivery_rating"": 2.0, ""region"": ""south""}",0
unauthorized_transaction,"{""transaction_id"": ""TXN0000171716"", ""amount"": 72.0, ""merchant_category"": ""Transport"", ""sender_bank"": ""HDFC"", ""receiver_bank"": ""Kotak"", ""fraud_flag"": 0, ""timestamp"": ""2024-11-18 07:19:04""}","{""delivery_partner"": ""delhivery"", ""delivery_status"": ""delivered"", ""delayed"": ""no"", ""delivery_rating"": 5.0, ""region"": ""central""}",0
unauthorized_transaction,"{""transaction_id"": ""TXN0000211934"", ""amount"": 2426.0, ""merchant_category"": ""Grocery"", ""sender_bank"": ""ICICI"", ""receiver_bank"": ""PNB"", ""fraud_flag"": 0, ""timestamp"": ""2024-05-19 22:37:29""}","{""delivery_partner"": ""amazon logistics"", ""delivery_status"": ""delivered"", ""delayed"": ""no"", ""delivery_rating"": 4.0, ""region"": ""north""}",0
unauthorized_transaction,"{""transaction_id"": ""TXN0000077496"", ""amount"": 960.0, ""merchant_category"": ""Utilities"", ""sender_bank"": ""HDFC"", ""receiver_bank"": ""SBI"", ""fraud_flag"": 0, ""timestamp"": ""2024-09-15 09:39:48""}","{""delivery_partner"": ""blue dart"", ""delivery_status"": ""delivered"", ""delayed"": ""no"", ""delivery_rating"": 5.0, ""region"": ""central""}",0
unauthorized_transaction,"{""transaction_id"": ""TXN0000130016"", ""amount"": 253.0, ""merchant_category"": ""Food"", ""sender_bank"": ""HDFC"", ""receiver_bank"": ""Axis"", ""fraud_flag"": 0, ""timestamp"": ""2024-06-14 09:25:53""}","{""delivery_partner"": ""dhl"", ""delivery_status"": ""delivered"", ""delayed"": ""no"", ""delivery_rating"": 5.0, ""region"": ""west""}",0
unauthorized_transaction,"{""transaction_id"": ""TXN0000048973"", ""amount"": 405.0, ""merchant_category"": ""Transport"", ""sender_bank"": ""HDFC"", ""receiver_bank"": ""SBI"", ""fraud_flag"": 0, ""timestamp"": ""2024-07-03 09:50:57""}","{""delivery_partner"": ""ecom express"", ""delivery_status"": ""delayed"", ""delayed"": ""yes"", ""delivery_rating"": 3.0, ""region"": ""east""}",0
unauthorized_transaction,"{""transaction_id"": ""TXN0000199518"", ""amount"": 1780.0, ""merchant_category"": ""Fuel"", ""sender_bank"": ""SBI"", ""receiver_bank"": ""SBI"", ""fraud_flag"": 0, ""timestamp"": ""2024-06-28 15:09:34""}","{""delivery_partner"": ""delhivery"", ""delivery_status"": ""delivered"", ""delayed"": ""no"", ""delivery_rating"": 5.0, ""region"": ""central""}",0
unauthorized_transaction,"{""transaction_id"": ""TXN0000128420"", ""amount"": 30.0, ""merchant_category"": ""Transport"", ""sender_bank"": ""HDFC"", ""receiver_bank"": ""Axis"", ""fraud_flag"": 0, ""timestamp"": ""2024-04-07 22:34:08""}","{""delivery_partner"": ""dhl"", ""delivery_status"": ""delivered"", ""delayed"": ""no"", ""delivery_rating"": 5.0, ""region"": ""west""}",0
unauthorized_transaction,"{""transaction_id"": ""TXN0000218040"", ""amount"": 267.0, ""merchant_category"": ""Grocery"", ""sender_bank"": ""SBI"", ""receiver_bank"": ""Kotak"", ""fraud_flag"": 0, ""timestamp"": ""2024-08-27 15:41:03""}","{""delivery_partner"": ""dhl"", ""delivery_status"": ""delayed"", ""delayed"": ""yes"", ""delivery_rating"": 3.0, ""region"": ""east""}",1
unauthorized_transaction,"{""transaction_id"": ""TXN0000149247"", ""amount"": 1770.0, ""merchant_category"": ""Fuel"", ""sender_bank"": ""ICICI"", ""receiver_bank"": ""ICICI"", ""fraud_flag"": 0, ""timestamp"": ""2024-08-20 13:26:02""}","{""delivery_partner"": ""xpressbees"", ""delivery_status"": ""delayed"", ""delayed"": ""yes"", ""delivery_rating"": 3.0, ""region"": ""east""}",0
unauthorized_transaction,"{""transaction_id"": ""TXN0000068393"", ""amount"": 361.0, ""merchant_category"": ""Food"", ""sender_bank"": ""ICICI"", ""receiver_bank"": ""Axis"", ""fraud_flag"": 0, ""timestamp"": ""2024-01-28 09:58:05""}","{""delivery_partner"": ""shadowfax"", ""delivery_status"": ""delayed"", ""delayed"": ""yes"", ""delivery_rating"": 3.0, ""region"": ""east""}",0
unauthorized_transaction,"{""transaction_id"": ""TXN0000159845"", ""amount"": 761.0, ""merchant_category"": ""Fuel"", ""sender_bank"": ""SBI"", ""receiver_bank"": ""SBI"", ""fraud_flag"": 0, ""timestamp"": ""2024-11-22 22:22:43""}","{""delivery_partner"": ""blue dart"", ""delivery_status"": ""delivered"", ""delayed"": ""no"", ""delivery_rating"": 4.0, ""region"": ""west""}",0
unauthorized_transaction,"{""transaction_id"": ""TXN0000119781"", ""amount"": 1178.0, ""merchant_category"": ""Food"", ""sender_bank"": ""Yes Bank"", ""receiver_bank"": ""HDFC"", ""fraud_flag"": 0, ""timestamp"": ""2024-01-25 21:32:09""}","{""delivery_partner"": ""ecom express"", ""delivery_status"": ""delivered"", ""delayed"": ""no"", ""delivery_rating"": 5.0, ""region"": ""east""}",1
defective_product,"{""transaction_id"": ""TXN0000238379"", ""amount"": 2664.0, ""merchant_category"": ""Grocery"", ""sender_bank"": ""IndusInd"", ""receiver_bank"": ""ICICI"", ""fraud_flag"": 0, ""timestamp"": ""2024-01-14 20:00:48""}","{""delivery_partner"": ""xpressbees"", ""delivery_status"": ""delivered"", ""delayed"": ""no"", ""delivery_rating"": 3.0, ""region"": ""west""}",0
defective_product,"{""transaction_id"": ""TXN0000173955"", ""amount"": 392.0, ""merchant_category"": ""Fuel"", ""sender_bank"": ""Kotak"", ""receiver_bank"": ""HDFC"", ""fraud_flag"": 0, ""timestamp"": ""2024-09-01 14:39:09""}","{""delivery_partner"": ""delhivery"", ""delivery_status"": ""delivered"", ""delayed"": ""no"", ""delivery_rating"": 4.0, ""region"": ""north""}",0
defective_product,"{""transaction_id"": ""TXN0000201139"", ""amount"": 4020.0, ""merchant_category"": ""Utilities"", ""sender_bank"": ""ICICI"", ""receiver_bank"": ""HDFC"", ""fraud_flag"": 0, ""timestamp"": ""2024-10-04 18:47:27""}","{""delivery_partner"": ""ecom express"", ""delivery_status"": ""failed"", ""delayed"": ""yes"", ""delivery_rating"": 1.0, ""region"": ""east""}",1
defective_product,"{""transaction_id"": ""TXN0000066593"", ""amount"": 435.0, ""merchant_category"": ""Utilities"", ""sender_bank"": ""Axis"", ""receiver_bank"": ""HDFC"", ""fraud_flag"": 0, ""timestamp"": ""2024-03-19 10:49:51""}","{""delivery_partner"": ""blue dart"", ""delivery_status"": ""delivered"", ""delayed"": ""no"", ""delivery_rating"": 3.0, ""region"": ""central""}",1
defective_product,"{""transaction_id"": ""TXN0000202798"", ""amount"": 1165.0, ""merchant_category"": ""Fuel"", ""sender_bank"": ""ICICI"", ""receiver_bank"": ""SBI"", ""fraud_flag"": 0, ""timestamp"": ""2024-06-13 22:46:12""}","{""delivery_partner"": ""ekart"", ""delivery_status"": ""delivered"", ""delayed"": ""no"", ""delivery_rating"": 3.0, ""region"": ""north""}",0
defective_product,"{""transaction_id"": ""TXN0000131992"", ""amount"": 913.0, ""merchant_category"": ""Other"", ""sender_bank"": ""PNB"", ""receiver_bank"": ""ICICI"", ""fraud_flag"": 0, ""timestamp"": ""2024-11-24 11:31:52""}","{""delivery_partner"": ""ekart"", ""delivery_status"": ""delayed"", ""delayed"": ""yes"", ""delivery_rating"": 2.0, ""region"": ""east""}",1
defective_product,"{""transaction_id"": ""TXN0000092829"", ""amount"": 110.0, ""merchant_category"": ""Shopping"", ""sender_bank"": ""IndusInd"", ""receiver_bank"": ""Yes Bank"", ""fraud_flag"": 0, ""timestamp"": ""2024-04-06 12:50:36""}","{""delivery_partner"": ""amazon logistics"", ""delivery_status"": ""delivered"", ""delayed"": ""no"", ""delivery_rating"": 3.0, ""region"": ""west""}",0
defective_product,"{""transaction_id"": ""TXN0000078347"", ""amount"": 370.0, ""merchant_category"": ""Fuel"", ""sender_bank"": ""SBI"", ""receiver_bank"": ""ICICI"", ""fraud_flag"": 0, ""timestamp"": ""2024-10-28 21:46:18""}","{""delivery_partner"": ""ecom express"", ""delivery_status"": ""delayed"", ""delayed"": ""yes"", ""delivery_rating"": 2.0, ""region"": ""west""}",1
defective_product,"{""transaction_id"": ""TXN0000009532"", ""amount"": 231.0, ""merchant_category"": ""Utilities"", ""sender_bank"": ""IndusInd"", ""receiver_bank"": ""Yes Bank"", ""fraud_flag"": 0, ""timestamp"": ""2024-08-08 20:46:59""}","{""delivery_partner"": ""ekart"", ""delivery_status"": ""delivered"", ""delayed"": ""no"", ""delivery_rating"": 4.0, ""region"": ""south""}",1
defective_product,"{""transaction_id"": ""TXN0000186999"", ""amount"": 74.0, ""merchant_category"": ""Food"", ""sender_bank"": ""SBI"", ""receiver_bank"": ""Axis"", ""fraud_flag"": 0, ""timestamp"": ""2024-11-05 17:25:11""}","{""delivery_partner"": ""ecom express"", ""delivery_status"": ""delivered"", ""delayed"": ""no"", ""delivery_rating"": 4.0, ""region"": ""east""}",0
defective_product,"{""transaction_id"": ""TXN0000028452"", ""amount"": 372.0, ""merchant_category"": ""Shopping"", ""sender_bank"": ""ICICI"", ""receiver_bank"": ""IndusInd"", ""fraud_flag"": 0, ""timestamp"": ""2024-12-10 18:40:18""}","{""delivery_partner"": ""shadowfax"", ""delivery_status"": ""delivered"", ""delayed"": ""no"", ""delivery_rating"": 5.0, ""region"": ""west""}",0
defective_product,"{""transaction_id"": ""TXN0000247652"", ""amount"": 268.0, ""merchant_category"": ""Entertainment"", ""sender_bank"": ""ICICI"", ""receiver_bank"": ""Yes Bank"", ""fraud_flag"": 0, ""timestamp"": ""2024-03-06 20:40:41""}","{""delivery_partner"": ""blue dart"", ""delivery_status"": ""delivered"", ""delayed"": ""no"", ""delivery_rating"": 5.0, ""region"": ""south""}",1
defective_product,"{""transaction_id"": ""TXN0000151126"", ""amount"": 2615.0, ""merchant_category"": ""Shopping"", ""sender_bank"": ""IndusInd"", ""receiver_bank"": ""Kotak"", ""fraud_flag"": 0, ""timestamp"": ""2024-05-07 14:44:24""}","{""delivery_partner"": ""ecom express"", ""delivery_status"": ""delivered"", ""delayed"": ""no"", ""delivery_rating"": 3.0, ""region"": ""north""}",0
defective_product,"{""transaction_id"": ""TXN0000057863"", ""amount"": 208.0, ""merchant_category"": ""Grocery"", ""sender_bank"": ""SBI"", ""receiver_bank"": ""HDFC"", ""fraud_flag"": 0, ""timestamp"": ""2024-12-07 16:47:47""}","{""delivery_partner"": ""dhl"", ""delivery_status"": ""delivered"", ""delayed"": ""no"", ""delivery_rating"": 5.0, ""region"": ""east""}",0
defective_product,"{""transaction_id"": ""TXN0000041989"", ""amount"": 5452.0, ""merchant_category"": ""Shopping"", ""sender_bank"": ""SBI"", ""receiver_bank"": ""ICICI"", ""fraud_flag"": 0, ""timestamp"": ""2024-07-06 08:35:13""}","{""delivery_partner"": ""shadowfax"", ""delivery_status"": ""delivered"", ""delayed"": ""no"", ""delivery_rating"": 4.0, ""region"": ""west""}",1
defective_product,"{""transaction_id"": ""TXN0000203780"", ""amount"": 278.0, ""merchant_category"": ""Grocery"", ""sender_bank"": ""SBI"", ""receiver_bank"": ""Yes Bank"", ""fraud_flag"": 0, ""timestamp"": ""2024-02-09 10:04:59""}","{""delivery_partner"": ""delhivery"", ""delivery_status"": ""delivered"", ""delayed"": ""no"", ""delivery_rating"": 5.0, ""region"": ""north""}",1
defective_product,"{""transaction_id"": ""TXN0000098444"", ""amount"": 142.0, ""merchant_category"": ""Food"", ""sender_bank"": ""IndusInd"", ""receiver_bank"": ""HDFC"", ""fraud_flag"": 0, ""timestamp"": ""2024-07-17 08:30:05""}","{""delivery_partner"": ""shadowfax"", ""delivery_status"": ""delayed"", ""delayed"": ""yes"", ""delivery_rating"": 2.0, ""region"": ""north""}",1
defective_product,"{""transaction_id"": ""TXN0000179728"", ""amount"": 4274.0, ""merchant_category"": ""Fuel"", ""sender_bank"": ""SBI"", ""receiver_bank"": ""Axis"", ""fraud_flag"": 0, ""timestamp"": ""2024-10-11 13:37:56""}","{""delivery_partner"": ""fedex"", ""delivery_status"": ""delivered"", ""delayed"": ""no"", ""delivery_rating"": 4.0, ""region"": ""central""}",0
defective_product,"{""transaction_id"": ""TXN0000209071"", ""amount"": 2153.0, ""merchant_category"": ""Food"", ""sender_bank"": ""Axis"", ""receiver_bank"": ""SBI"", ""fraud_flag"": 0, ""timestamp"": ""2024-04-24 11:59:01""}","{""delivery_partner"": ""blue dart"", ""delivery_status"": ""failed"", ""delayed"": ""yes"", ""delivery_rating"": 1.0, ""region"": ""south""}",1
defective_product,"{""transaction_id"": ""TXN0000234032"", ""amount"": 3921.0, ""merchant_category"": ""Shopping"", ""sender_bank"": ""Yes Bank"", ""receiver_bank"": ""SBI"", ""fraud_flag"": 0, ""timestamp"": ""2024-09-06 17:22:59""}","{""delivery_partner"": ""xpressbees"", ""delivery_status"": ""delivered"", ""delayed"": ""no"", ""delivery_rating"": 5.0, ""region"": ""east""}",0
defective_product,"{""transaction_id"": ""TXN0000174218"", ""amount"": 152.0, ""merchant_category"": ""Food"", ""sender_bank"": ""ICICI"", ""receiver_bank"": ""SBI"", ""fraud_flag"": 0, ""timestamp"": ""2024-12-16 00:27:19""}","{""delivery_partner"": ""shadowfax"", ""delivery_status"": ""delivered"", ""delayed"": ""no"", ""delivery_rating"": 5.0, ""region"": ""south""}",0
defective_product,"{""transaction_id"": ""TXN0000198688"", ""amount"": 349.0, ""merchant_category"": ""Utilities"", ""sender_bank"": ""Kotak"", ""receiver_bank"": ""Axis"", ""fraud_flag"": 0, ""timestamp"": ""2024-08-22 19:15:54""}","{""delivery_partner"": ""ekart"", ""delivery_status"": ""delivered"", ""delayed"": ""no"", ""delivery_rating"": 5.0, ""region"": ""west""}",0
defective_product,"{""transaction_id"": ""TXN0000215609"", ""amount"": 1042.0, ""merchant_category"": ""Shopping"", ""sender_bank"": ""SBI"", ""receiver_bank"": ""Yes Bank"", ""fraud_flag"": 0, ""timestamp"": ""2024-03-13 20:59:07""}","{""delivery_partner"": ""fedex"", ""delivery_status"": ""delayed"", ""delayed"": ""yes"", ""delivery_rating"": 2.0, ""region"": ""north""}",1
defective_product,"{""transaction_id"": ""TXN0000062358"", ""amount"": 224.0, ""merchant_category"": ""Grocery"", ""sender_bank"": ""ICICI"", ""receiver_bank"": ""HDFC"", ""fraud_flag"": 0, ""timestamp"": ""2024-09-29 09:18:15""}","{""delivery_partner"": ""shadowfax"", ""delivery_status"": ""delayed"", ""delayed"": ""yes"", ""delivery_rating"": 2.0, ""region"": ""central""}",1
defective_product,"{""transaction_id"": ""TXN0000186794"", ""amount"": 728.0, ""merchant_category"": ""Utilities"", ""sender_bank"": ""Axis"", ""receiver_bank"": ""ICICI"", ""fraud_flag"": 0, ""timestamp"": ""2024-08-27 15:06:46""}","{""delivery_partner"": ""amazon logistics"", ""delivery_status"": ""delivered"", ""delayed"": ""no"", ""delivery_rating"": 4.0, ""region"": ""north""}",0
defective_product,"{""transaction_id"": ""TXN0000097703"", ""amount"": 624.0, ""merchant_category"": ""Food"", ""sender_bank"": ""ICICI"", ""receiver_bank"": ""SBI"", ""fraud_flag"": 0, ""timestamp"": ""2024-02-22 14:46:43""}","{""delivery_partner"": ""ecom express"", ""delivery_status"": ""delayed"", ""delayed"": ""yes"", ""delivery_rating"": 3.0, ""region"": ""east""}",0
defective_product,"{""transaction_id"": ""TXN0000205091"", ""amount"": 1085.0, ""merchant_category"": ""Utilities"", ""sender_bank"": ""ICICI"", ""receiver_bank"": ""PNB"", ""fraud_flag"": 0, ""timestamp"": ""2024-10-25 07:29:26""}","{""delivery_partner"": ""shadowfax"", ""delivery_status"": ""delivered"", ""delayed"": ""no"", ""delivery_rating"": 4.0, ""region"": ""east""}",0
defective_product,"{""transaction_id"": ""TXN0000108195"", ""amount"": 516.0, ""merchant_category"": ""Transport"", ""sender_bank"": ""IndusInd"", ""receiver_bank"": ""IndusInd"", ""fraud_flag"": 0, ""timestamp"": ""2024-03-01 08:33:52""}","{""delivery_partner"": ""fedex"", ""delivery_status"": ""delivered"", ""delayed"": ""no"", ""delivery_rating"": 5.0, ""region"": ""east""}",1
defective_product,"{""transaction_id"": ""TXN0000112730"", ""amount"": 196.0, ""merchant_category"": ""Healthcare"", ""sender_bank"": ""SBI"", ""receiver_bank"": ""SBI"", ""fraud_flag"": 0, ""timestamp"": ""2024-03-05 23:11:05""}","{""delivery_partner"": ""shadowfax"", ""delivery_status"": ""delivered"", ""delayed"": ""no"", ""delivery_rating"": 5.0, ""region"": ""west""}",0
defective_product,"{""transaction_id"": ""TXN0000125873"", ""amount"": 114.0, ""merchant_category"": ""Entertainment"", ""sender_bank"": ""HDFC"", ""receiver_bank"": ""ICICI"", ""fraud_flag"": 0, ""timestamp"": ""2024-12-11 16:35:06""}","{""delivery_partner"": ""ecom express"", ""delivery_status"": ""delivered"", ""delayed"": ""no"", ""delivery_rating"": 5.0, ""region"": ""north""}",1
defective_product,"{""transaction_id"": ""TXN0000059246"", ""amount"": 174.0, ""merchant_category"": ""Grocery"", ""sender_bank"": ""SBI"", ""receiver_bank"": ""SBI"", ""fraud_flag"": 0, ""timestamp"": ""2024-07-21 12:21:43""}","{""delivery_partner"": ""dhl"", ""delivery_status"": ""delivered"", ""delayed"": ""no"", ""delivery_rating"": 4.0, ""region"": ""east""}",0
defective_product,"{""transaction_id"": ""TXN0000059931"", ""amount"": 458.0, ""merchant_category"": ""Shopping"", ""sender_bank"": ""SBI"", ""receiver_bank"": ""SBI"", ""fraud_flag"": 0, ""timestamp"": ""2024-09-10 13:16:44""}","{""delivery_partner"": ""ecom express"", ""delivery_status"": ""delivered"", ""delayed"": ""no"", ""delivery_rating"": 5.0, ""region"": ""west""}",1
defective_product,"{""transaction_id"": ""TXN0000163214"", ""amount"": 356.0, ""merchant_category"": ""Utilities"", ""sender_bank"": ""SBI"", ""receiver_bank"": ""SBI"", ""fraud_flag"": 0, ""timestamp"": ""2024-10-16 19:19:49""}","{""delivery_partner"": ""shadowfax"", ""delivery_status"": ""delivered"", ""delayed"": ""no"", ""delivery_rating"": 4.0, ""region"": ""south""}",0
defective_product,"{""transaction_id"": ""TXN0000183359"", ""amount"": 4981.0, ""merchant_category"": ""Utilities"", ""sender_bank"": ""Axis"", ""receiver_bank"": ""Axis"", ""fraud_flag"": 0, ""timestamp"": ""2024-05-15 12:18:09""}","{""delivery_partner"": ""delhivery"", ""delivery_status"": ""delivered"", ""delayed"": ""no"", ""delivery_rating"": 4.0, ""region"": ""south""}",1
defective_product,"{""transaction_id"": ""TXN0000165427"", ""amount"": 1517.0, ""merchant_category"": ""Grocery"", ""sender_bank"": ""PNB"", ""receiver_bank"": ""IndusInd"", ""fraud_flag"": 0, ""timestamp"": ""2024-12-03 19:51:15""}","{""delivery_partner"": ""blue dart"", ""delivery_status"": ""delivered"", ""delayed"": ""no"", ""delivery_rating"": 4.0, ""region"": ""central""}",0
defective_product,"{""transaction_id"": ""TXN0000229645"", ""amount"": 1396.0, ""merchant_category"": ""Fuel"", ""sender_bank"": ""Yes Bank"", ""receiver_bank"": ""PNB"", ""fraud_flag"": 0, ""timestamp"": ""2024-05-07 14:21:17""}","{""delivery_partner"": ""fedex"", ""delivery_status"": ""delivered"", ""delayed"": ""no"", ""delivery_rating"": 5.0, ""region"": ""north""}",1
defective_product,"{""transaction_id"": ""TXN0000226431"", ""amount"": 2827.0, ""merchant_category"": ""Shopping"", ""sender_bank"": ""SBI"", ""receiver_bank"": ""IndusInd"", ""fraud_flag"": 0, ""timestamp"": ""2024-01-20 18:40:18""}","{""delivery_partner"": ""ecom express"", ""delivery_status"": ""delayed"", ""delayed"": ""yes"", ""delivery_rating"": 3.0, ""region"": ""central""}",0
defective_product,"{""transaction_id"": ""TXN0000138512"", ""amount"": 4087.0, ""merchant_category"": ""Utilities"", ""sender_bank"": ""SBI"", ""receiver_bank"": ""ICICI"", ""fraud_flag"": 0, ""timestamp"": ""2024-05-01 16:19:38""}","{""delivery_partner"": ""fedex"", ""delivery_status"": ""delivered"", ""delayed"": ""no"", ""delivery_rating"": 5.0, ""region"": ""central""}",0
defective_product,"{""transaction_id"": ""TXN0000164961"", ""amount"": 1137.0, ""merchant_category"": ""Fuel"", ""sender_bank"": ""Yes Bank"", ""receiver_bank"": ""PNB"", ""fraud_flag"": 0, ""timestamp"": ""2024-03-27 20:11:47""}","{""delivery_partner"": ""blue dart"", ""delivery_status"": ""delivered"", ""delayed"": ""no"", ""delivery_rating"": 4.0, ""region"": ""west""}",0
defective_product,"{""transaction_id"": ""TXN0000214925"", ""amount"": 1220.0, ""merchant_category"": ""Fuel"", ""sender_bank"": ""SBI"", ""receiver_bank"": ""PNB"", ""fraud_flag"": 0, ""timestamp"": ""2024-01-10 19:13:33""}","{""delivery_partner"": ""dhl"", ""delivery_status"": ""failed"", ""delayed"": ""yes"", ""delivery_rating"": 1.0, ""region"": ""central""}",1
defective_product,"{""transaction_id"": ""TXN0000087109"", ""amount"": 1934.0, ""merchant_category"": ""Food"", ""sender_bank"": ""SBI"", ""receiver_bank"": ""Yes Bank"", ""fraud_flag"": 0, ""timestamp"": ""2024-10-11 21:19:08""}","{""delivery_partner"": ""shadowfax"", ""delivery_status"": ""delivered"", ""delayed"": ""no"", ""delivery_rating"": 4.0, ""region"": ""east""}",1
defective_product,"{""transaction_id"": ""TXN0000171643"", ""amount"": 330.0, ""merchant_category"": ""Entertainment"", ""sender_bank"": ""ICICI"", ""receiver_bank"": ""IndusInd"", ""fraud_flag"": 0, ""timestamp"": ""2024-02-19 12:06:48""}","{""delivery_partner"": ""dhl"", ""delivery_status"": ""delivered"", ""delayed"": ""no"", ""delivery_rating"": 5.0, ""region"": ""north""}",1
defective_product,"{""transaction_id"": ""TXN0000132382"", ""amount"": 43.0, ""merchant_category"": ""Food"", ""sender_bank"": ""ICICI"", ""receiver_bank"": ""Kotak"", ""fraud_flag"": 0, ""timestamp"": ""2024-06-20 00:38:32""}","{""delivery_partner"": ""fedex"", ""delivery_status"": ""delayed"", ""delayed"": ""yes"", ""delivery_rating"": 3.0, ""region"": ""south""}",0
defective_product,"{""transaction_id"": ""TXN0000159149"", ""amount"": 586.0, ""merchant_category"": ""Other"", ""sender_bank"": ""HDFC"", ""receiver_bank"": ""IndusInd"", ""fraud_flag"": 0, ""timestamp"": ""2024-03-25 07:07:46""}","{""delivery_partner"": ""dhl"", ""delivery_status"": ""delivered"", ""delayed"": ""no"", ""delivery_rating"": 4.0, ""region"": ""central""}",1
defective_product,"{""transaction_id"": ""TXN0000183924"", ""amount"": 2051.0, ""merchant_category"": ""Grocery"", ""sender_bank"": ""SBI"", ""receiver_bank"": ""Axis"", ""fraud_flag"": 0, ""timestamp"": ""2024-04-02 18:42:59""}","{""delivery_partner"": ""delhivery"", ""delivery_status"": ""delayed"", ""delayed"": ""yes"", ""delivery_rating"": 3.0, ""region"": ""east""}",0
defective_product,"{""transaction_id"": ""TXN0000210214"", ""amount"": 18.0, ""merchant_category"": ""Transport"", ""sender_bank"": ""PNB"", ""receiver_bank"": ""PNB"", ""fraud_flag"": 0, ""timestamp"": ""2024-01-30 13:06:49""}","{""delivery_partner"": ""blue dart"", ""delivery_status"": ""delivered"", ""delayed"": ""no"", ""delivery_rating"": 5.0, ""region"": ""east""}",0
defective_product,"{""transaction_id"": ""TXN0000232639"", ""amount"": 1411.0, ""merchant_category"": ""Fuel"", ""sender_bank"": ""Axis"", ""receiver_bank"": ""ICICI"", ""fraud_flag"": 0, ""timestamp"": ""2024-03-28 20:29:07""}","{""delivery_partner"": ""fedex"", ""delivery_status"": ""delivered"", ""delayed"": ""no"", ""delivery_rating"": 5.0, ""region"": ""central""}",0
defective_product,"{""transaction_id"": ""TXN0000032818"", ""amount"": 378.0, ""merchant_category"": ""Grocery"", ""sender_bank"": ""ICICI"", ""receiver_bank"": ""Kotak"", ""fraud_flag"": 0, ""timestamp"": ""2024-12-15 12:45:00""}","{""delivery_partner"": ""xpressbees"", ""delivery_status"": ""delivered"", ""delayed"": ""no"", ""delivery_rating"": 5.0, ""region"": ""central""}",0
